"","workerid","tag","bin_num","response","nresponse"
"1",0,"joke",1,0.01,0
"2",0,"joke",2,0.26,0.252525252525253
"3",0,"joke",3,0.28,0.272727272727273
"4",0,"joke",4,0.27,0.262626262626263
"5",0,"joke",5,0.3,0.292929292929293
"6",0,"joke",6,0.3,0.292929292929293
"7",0,"joke",7,0.47,0.464646464646465
"8",0,"joke",8,0.51,0.505050505050505
"9",0,"joke",9,0.54,0.535353535353535
"10",0,"joke",10,0.57,0.565656565656566
"11",0,"joke",11,0.71,0.707070707070707
"12",0,"joke",12,0.75,0.747474747474748
"13",0,"joke",13,0.96,0.95959595959596
"14",0,"joke",14,0.79,0.787878787878788
"15",0,"joke",15,0.79,0.787878787878788
"16",0,"movies",1,0.02,0.0101010101010101
"17",0,"movies",2,0.01,0
"18",0,"movies",3,0.02,0.0101010101010101
"19",0,"movies",4,0.03,0.0202020202020202
"20",0,"movies",5,0.79,0.787878787878788
"21",0,"movies",6,1,1
"22",0,"movies",7,0.98,0.97979797979798
"23",0,"movies",8,0.97,0.96969696969697
"24",0,"movies",9,0.79,0.787878787878788
"25",0,"movies",10,0.73,0.727272727272727
"26",0,"movies",11,0.49,0.484848484848485
"27",0,"movies",12,0.2,0.191919191919192
"28",0,"movies",13,0.22,0.212121212121212
"29",0,"movies",14,0.24,0.232323232323232
"30",0,"movies",15,0.26,0.252525252525253
"31",0,"tv",1,0.71,0.707070707070707
"32",0,"tv",2,0.75,0.747474747474748
"33",0,"tv",3,0.98,0.97979797979798
"34",0,"tv",4,0.98,0.97979797979798
"35",0,"tv",5,0.96,0.95959595959596
"36",0,"tv",6,0.98,0.97979797979798
"37",0,"tv",7,0.74,0.737373737373737
"38",0,"tv",8,0.73,0.727272727272727
"39",0,"tv",9,0.73,0.727272727272727
"40",0,"tv",10,0.55,0.545454545454546
"41",0,"tv",11,0.55,0.545454545454546
"42",0,"tv",12,0.25,0.242424242424242
"43",0,"tv",13,0.23,0.222222222222222
"44",0,"tv",14,0.23,0.222222222222222
"45",0,"tv",15,0.23,0.222222222222222
"46",0,"coffee",1,0.22,0.212121212121212
"47",0,"coffee",2,0.2,0.191919191919192
"48",0,"coffee",3,0.21,0.202020202020202
"49",0,"coffee",4,0.21,0.202020202020202
"50",0,"coffee",5,0.45,0.444444444444444
"51",0,"coffee",6,0.52,0.515151515151515
"52",0,"coffee",7,1,1
"53",0,"coffee",8,0.99,0.98989898989899
"54",0,"coffee",9,0.63,0.626262626262626
"55",0,"coffee",10,0.7,0.696969696969697
"56",0,"coffee",11,0.74,0.737373737373737
"57",0,"coffee",12,0.72,0.717171717171717
"58",0,"coffee",13,0.72,0.717171717171717
"59",0,"coffee",14,0.72,0.717171717171717
"60",0,"coffee",15,0.74,0.737373737373737
"61",0,"watch",1,0.53,0.525252525252525
"62",0,"watch",2,0.7,0.696969696969697
"63",0,"watch",3,0.73,0.727272727272727
"64",0,"watch",4,0.72,0.717171717171717
"65",0,"watch",5,0.74,0.737373737373737
"66",0,"watch",6,0.51,0.505050505050505
"67",0,"watch",7,0.52,0.515151515151515
"68",0,"watch",8,0.54,0.535353535353535
"69",0,"watch",9,0.55,0.545454545454546
"70",0,"watch",10,0.58,0.575757575757576
"71",0,"watch",11,0.51,0.505050505050505
"72",0,"watch",12,0.5,0.494949494949495
"73",0,"watch",13,0.51,0.505050505050505
"74",0,"watch",14,0.53,0.525252525252525
"75",0,"watch",15,0.55,0.545454545454546
"76",0,"marbles",1,0.24,0.232323232323232
"77",0,"marbles",2,0.22,0.212121212121212
"78",0,"marbles",3,0.26,0.252525252525253
"79",0,"marbles",4,0.48,0.474747474747475
"80",0,"marbles",5,0.51,0.505050505050505
"81",0,"marbles",6,0.54,0.535353535353535
"82",0,"marbles",7,0.57,0.565656565656566
"83",0,"marbles",8,0.71,0.707070707070707
"84",0,"marbles",9,0.77,0.767676767676768
"85",0,"marbles",10,0.81,0.808080808080808
"86",0,"marbles",11,0.96,0.95959595959596
"87",0,"marbles",12,0.98,0.97979797979798
"88",0,"marbles",13,0.98,0.97979797979798
"89",0,"marbles",14,0.99,0.98989898989899
"90",0,"marbles",15,0.99,0.98989898989899
"91",0,"commute",1,0.01,0
"92",0,"commute",2,0.04,0.0303030303030303
"93",0,"commute",3,0.52,0.515151515151515
"94",0,"commute",4,0.52,0.515151515151515
"95",0,"commute",5,0.81,0.808080808080808
"96",0,"commute",6,0.95,0.94949494949495
"97",0,"commute",7,0.98,0.97979797979798
"98",0,"commute",8,0.97,0.96969696969697
"99",0,"commute",9,0.97,0.96969696969697
"100",0,"commute",10,0.79,0.787878787878788
"101",0,"commute",11,0.76,0.757575757575758
"102",0,"commute",12,0.78,0.777777777777778
"103",0,"commute",13,0.33,0.323232323232323
"104",0,"commute",14,0.42,0.414141414141414
"105",0,"commute",15,0.31,0.303030303030303
"106",0,"laptop",1,0.74,0.737373737373737
"107",0,"laptop",2,0.99,0.98989898989899
"108",0,"laptop",3,0.98,0.97979797979798
"109",0,"laptop",4,0.77,0.767676767676768
"110",0,"laptop",5,0.65,0.646464646464647
"111",0,"laptop",6,0.54,0.535353535353535
"112",0,"laptop",7,0.28,0.272727272727273
"113",0,"laptop",8,0.29,0.282828282828283
"114",0,"laptop",9,0.32,0.313131313131313
"115",0,"laptop",10,0.27,0.262626262626263
"116",0,"laptop",11,0.3,0.292929292929293
"117",0,"laptop",12,0.31,0.303030303030303
"118",0,"laptop",13,0.3,0.292929292929293
"119",0,"laptop",14,0.33,0.323232323232323
"120",0,"laptop",15,0.01,0
"121",1,"laptop",1,0.67,0.881578947368421
"122",1,"laptop",2,0.76,1
"123",1,"laptop",3,0.22,0.289473684210526
"124",1,"laptop",4,0.02,0.0263157894736842
"125",1,"laptop",5,0,0
"126",1,"laptop",6,0,0
"127",1,"laptop",7,0,0
"128",1,"laptop",8,0,0
"129",1,"laptop",9,0,0
"130",1,"laptop",10,0,0
"131",1,"laptop",11,0,0
"132",1,"laptop",12,0,0
"133",1,"laptop",13,0,0
"134",1,"laptop",14,0,0
"135",1,"laptop",15,0,0
"136",1,"tv",1,0.27,0.355263157894737
"137",1,"tv",2,0.44,0.578947368421053
"138",1,"tv",3,0.69,0.907894736842105
"139",1,"tv",4,0.54,0.710526315789474
"140",1,"tv",5,0.31,0.407894736842105
"141",1,"tv",6,0.31,0.407894736842105
"142",1,"tv",7,0.21,0.276315789473684
"143",1,"tv",8,0.12,0.157894736842105
"144",1,"tv",9,0.03,0.0394736842105263
"145",1,"tv",10,0.01,0.0131578947368421
"146",1,"tv",11,0.13,0.171052631578947
"147",1,"tv",12,0.04,0.0526315789473684
"148",1,"tv",13,0,0
"149",1,"tv",14,0,0
"150",1,"tv",15,0,0
"151",1,"coffee",1,0,0
"152",1,"coffee",2,0,0
"153",1,"coffee",3,0,0
"154",1,"coffee",4,0,0
"155",1,"coffee",5,0.2,0.263157894736842
"156",1,"coffee",6,0.22,0.289473684210526
"157",1,"coffee",7,0.36,0.473684210526316
"158",1,"coffee",8,0.44,0.578947368421053
"159",1,"coffee",9,0.51,0.671052631578947
"160",1,"coffee",10,0.57,0.75
"161",1,"coffee",11,0.47,0.618421052631579
"162",1,"coffee",12,0.36,0.473684210526316
"163",1,"coffee",13,0.3,0.394736842105263
"164",1,"coffee",14,0.2,0.263157894736842
"165",1,"coffee",15,0.05,0.0657894736842105
"166",1,"commute",1,0,0
"167",1,"commute",2,0.13,0.171052631578947
"168",1,"commute",3,0.25,0.328947368421053
"169",1,"commute",4,0.33,0.434210526315789
"170",1,"commute",5,0.3,0.394736842105263
"171",1,"commute",6,0.27,0.355263157894737
"172",1,"commute",7,0.22,0.289473684210526
"173",1,"commute",8,0.18,0.236842105263158
"174",1,"commute",9,0.13,0.171052631578947
"175",1,"commute",10,0.03,0.0394736842105263
"176",1,"commute",11,0.08,0.105263157894737
"177",1,"commute",12,0.08,0.105263157894737
"178",1,"commute",13,0.03,0.0394736842105263
"179",1,"commute",14,0.02,0.0263157894736842
"180",1,"commute",15,0,0
"181",1,"watch",1,0.29,0.381578947368421
"182",1,"watch",2,0.44,0.578947368421053
"183",1,"watch",3,0.65,0.855263157894737
"184",1,"watch",4,0.39,0.513157894736842
"185",1,"watch",5,0.26,0.342105263157895
"186",1,"watch",6,0.26,0.342105263157895
"187",1,"watch",7,0.2,0.263157894736842
"188",1,"watch",8,0.08,0.105263157894737
"189",1,"watch",9,0,0
"190",1,"watch",10,0,0
"191",1,"watch",11,0,0
"192",1,"watch",12,0,0
"193",1,"watch",13,0,0
"194",1,"watch",14,0,0
"195",1,"watch",15,0,0
"196",1,"movies",1,0,0
"197",1,"movies",2,0,0
"198",1,"movies",3,0,0
"199",1,"movies",4,0,0
"200",1,"movies",5,0,0
"201",1,"movies",6,0.36,0.473684210526316
"202",1,"movies",7,0.55,0.723684210526316
"203",1,"movies",8,0.41,0.539473684210526
"204",1,"movies",9,0.29,0.381578947368421
"205",1,"movies",10,0.24,0.315789473684211
"206",1,"movies",11,0.29,0.381578947368421
"207",1,"movies",12,0.2,0.263157894736842
"208",1,"movies",13,0,0
"209",1,"movies",14,0,0
"210",1,"movies",15,0,0
"211",1,"joke",1,0,0
"212",1,"joke",2,0.04,0.0526315789473684
"213",1,"joke",3,0.08,0.105263157894737
"214",1,"joke",4,0.26,0.342105263157895
"215",1,"joke",5,0.4,0.526315789473684
"216",1,"joke",6,0.47,0.618421052631579
"217",1,"joke",7,0.55,0.723684210526316
"218",1,"joke",8,0.6,0.789473684210526
"219",1,"joke",9,0.73,0.960526315789474
"220",1,"joke",10,0.54,0.710526315789474
"221",1,"joke",11,0.39,0.513157894736842
"222",1,"joke",12,0.27,0.355263157894737
"223",1,"joke",13,0.18,0.236842105263158
"224",1,"joke",14,0,0
"225",1,"joke",15,0.04,0.0526315789473684
"226",1,"marbles",1,0.34,0.447368421052632
"227",1,"marbles",2,0.07,0.0921052631578947
"228",1,"marbles",3,0,0
"229",1,"marbles",4,0.01,0.0131578947368421
"230",1,"marbles",5,0.04,0.0526315789473684
"231",1,"marbles",6,0.08,0.105263157894737
"232",1,"marbles",7,0,0
"233",1,"marbles",8,0,0
"234",1,"marbles",9,0,0
"235",1,"marbles",10,0,0
"236",1,"marbles",11,0,0
"237",1,"marbles",12,0.1,0.131578947368421
"238",1,"marbles",13,0.26,0.342105263157895
"239",1,"marbles",14,0.34,0.447368421052632
"240",1,"marbles",15,0.61,0.802631578947368
"241",2,"movies",1,0.02,0.0212765957446809
"242",2,"movies",2,0,0
"243",2,"movies",3,0.01,0.0106382978723404
"244",2,"movies",4,0,0
"245",2,"movies",5,0,0
"246",2,"movies",6,0.02,0.0212765957446809
"247",2,"movies",7,0.01,0.0106382978723404
"248",2,"movies",8,0.34,0.361702127659574
"249",2,"movies",9,0.3,0.319148936170213
"250",2,"movies",10,0.35,0.372340425531915
"251",2,"movies",11,0.3,0.319148936170213
"252",2,"movies",12,0.02,0.0212765957446809
"253",2,"movies",13,0.02,0.0212765957446809
"254",2,"movies",14,0.02,0.0212765957446809
"255",2,"movies",15,0.02,0.0212765957446809
"256",2,"joke",1,0.02,0.0212765957446809
"257",2,"joke",2,0.01,0.0106382978723404
"258",2,"joke",3,0.02,0.0212765957446809
"259",2,"joke",4,0.02,0.0212765957446809
"260",2,"joke",5,0,0
"261",2,"joke",6,0.02,0.0212765957446809
"262",2,"joke",7,0.02,0.0212765957446809
"263",2,"joke",8,0.02,0.0212765957446809
"264",2,"joke",9,0.22,0.234042553191489
"265",2,"joke",10,0.42,0.446808510638298
"266",2,"joke",11,0.63,0.670212765957447
"267",2,"joke",12,0.45,0.478723404255319
"268",2,"joke",13,0.24,0.25531914893617
"269",2,"joke",14,0.01,0.0106382978723404
"270",2,"joke",15,0.01,0.0106382978723404
"271",2,"marbles",1,0.02,0.0212765957446809
"272",2,"marbles",2,0.02,0.0212765957446809
"273",2,"marbles",3,0.02,0.0212765957446809
"274",2,"marbles",4,0.02,0.0212765957446809
"275",2,"marbles",5,0.01,0.0106382978723404
"276",2,"marbles",6,0.01,0.0106382978723404
"277",2,"marbles",7,0.02,0.0212765957446809
"278",2,"marbles",8,0.01,0.0106382978723404
"279",2,"marbles",9,0.01,0.0106382978723404
"280",2,"marbles",10,0.01,0.0106382978723404
"281",2,"marbles",11,0,0
"282",2,"marbles",12,0.01,0.0106382978723404
"283",2,"marbles",13,0.01,0.0106382978723404
"284",2,"marbles",14,0.01,0.0106382978723404
"285",2,"marbles",15,0.94,1
"286",2,"watch",1,0.02,0.0212765957446809
"287",2,"watch",2,0.02,0.0212765957446809
"288",2,"watch",3,0.12,0.127659574468085
"289",2,"watch",4,0.35,0.372340425531915
"290",2,"watch",5,0.57,0.606382978723404
"291",2,"watch",6,0.53,0.563829787234043
"292",2,"watch",7,0.25,0.265957446808511
"293",2,"watch",8,0.01,0.0106382978723404
"294",2,"watch",9,0.02,0.0212765957446809
"295",2,"watch",10,0.02,0.0212765957446809
"296",2,"watch",11,0.01,0.0106382978723404
"297",2,"watch",12,0.01,0.0106382978723404
"298",2,"watch",13,0.02,0.0212765957446809
"299",2,"watch",14,0.01,0.0106382978723404
"300",2,"watch",15,0.02,0.0212765957446809
"301",2,"commute",1,0.11,0.117021276595745
"302",2,"commute",2,0.4,0.425531914893617
"303",2,"commute",3,0.6,0.638297872340426
"304",2,"commute",4,0.38,0.404255319148936
"305",2,"commute",5,0.17,0.180851063829787
"306",2,"commute",6,0.01,0.0106382978723404
"307",2,"commute",7,0,0
"308",2,"commute",8,0.01,0.0106382978723404
"309",2,"commute",9,0.02,0.0212765957446809
"310",2,"commute",10,0.01,0.0106382978723404
"311",2,"commute",11,0.02,0.0212765957446809
"312",2,"commute",12,0.01,0.0106382978723404
"313",2,"commute",13,0.03,0.0319148936170213
"314",2,"commute",14,0.02,0.0212765957446809
"315",2,"commute",15,0.02,0.0212765957446809
"316",2,"tv",1,0.01,0.0106382978723404
"317",2,"tv",2,0.29,0.308510638297872
"318",2,"tv",3,0.47,0.5
"319",2,"tv",4,0.59,0.627659574468085
"320",2,"tv",5,0.43,0.457446808510638
"321",2,"tv",6,0.28,0.297872340425532
"322",2,"tv",7,0.04,0.0425531914893617
"323",2,"tv",8,0.04,0.0425531914893617
"324",2,"tv",9,0.03,0.0319148936170213
"325",2,"tv",10,0.01,0.0106382978723404
"326",2,"tv",11,0.05,0.0531914893617021
"327",2,"tv",12,0.02,0.0212765957446809
"328",2,"tv",13,0.02,0.0212765957446809
"329",2,"tv",14,0.02,0.0212765957446809
"330",2,"tv",15,0.01,0.0106382978723404
"331",2,"laptop",1,0.17,0.180851063829787
"332",2,"laptop",2,0.38,0.404255319148936
"333",2,"laptop",3,0.57,0.606382978723404
"334",2,"laptop",4,0.37,0.393617021276596
"335",2,"laptop",5,0.17,0.180851063829787
"336",2,"laptop",6,0.01,0.0106382978723404
"337",2,"laptop",7,0.03,0.0319148936170213
"338",2,"laptop",8,0.01,0.0106382978723404
"339",2,"laptop",9,0.01,0.0106382978723404
"340",2,"laptop",10,0.01,0.0106382978723404
"341",2,"laptop",11,0.01,0.0106382978723404
"342",2,"laptop",12,0.02,0.0212765957446809
"343",2,"laptop",13,0.01,0.0106382978723404
"344",2,"laptop",14,0.01,0.0106382978723404
"345",2,"laptop",15,0.01,0.0106382978723404
"346",2,"coffee",1,0.01,0.0106382978723404
"347",2,"coffee",2,0.01,0.0106382978723404
"348",2,"coffee",3,0.02,0.0212765957446809
"349",2,"coffee",4,0.02,0.0212765957446809
"350",2,"coffee",5,0.17,0.180851063829787
"351",2,"coffee",6,0.37,0.393617021276596
"352",2,"coffee",7,0.59,0.627659574468085
"353",2,"coffee",8,0.4,0.425531914893617
"354",2,"coffee",9,0.16,0.170212765957447
"355",2,"coffee",10,0.01,0.0106382978723404
"356",2,"coffee",11,0.02,0.0212765957446809
"357",2,"coffee",12,0.02,0.0212765957446809
"358",2,"coffee",13,0.02,0.0212765957446809
"359",2,"coffee",14,0.01,0.0106382978723404
"360",2,"coffee",15,0.01,0.0106382978723404
"361",3,"commute",1,0.15,0.15
"362",3,"commute",2,0.21,0.21
"363",3,"commute",3,0.28,0.28
"364",3,"commute",4,0.46,0.46
"365",3,"commute",5,0.64,0.64
"366",3,"commute",6,0.76,0.76
"367",3,"commute",7,0.77,0.77
"368",3,"commute",8,0.77,0.77
"369",3,"commute",9,0.77,0.77
"370",3,"commute",10,0.78,0.78
"371",3,"commute",11,0.81,0.81
"372",3,"commute",12,0.76,0.76
"373",3,"commute",13,0.71,0.71
"374",3,"commute",14,0.62,0.62
"375",3,"commute",15,0.53,0.53
"376",3,"marbles",1,0,0
"377",3,"marbles",2,1,1
"378",3,"marbles",3,1,1
"379",3,"marbles",4,1,1
"380",3,"marbles",5,1,1
"381",3,"marbles",6,1,1
"382",3,"marbles",7,1,1
"383",3,"marbles",8,1,1
"384",3,"marbles",9,1,1
"385",3,"marbles",10,1,1
"386",3,"marbles",11,1,1
"387",3,"marbles",12,1,1
"388",3,"marbles",13,1,1
"389",3,"marbles",14,1,1
"390",3,"marbles",15,1,1
"391",3,"coffee",1,0.16,0.16
"392",3,"coffee",2,0.15,0.15
"393",3,"coffee",3,0.17,0.17
"394",3,"coffee",4,0.16,0.16
"395",3,"coffee",5,0.19,0.19
"396",3,"coffee",6,0.17,0.17
"397",3,"coffee",7,0.24,0.24
"398",3,"coffee",8,0.35,0.35
"399",3,"coffee",9,0.59,0.59
"400",3,"coffee",10,0.7,0.7
"401",3,"coffee",11,0.72,0.72
"402",3,"coffee",12,0.78,0.78
"403",3,"coffee",13,0.87,0.87
"404",3,"coffee",14,0.9,0.9
"405",3,"coffee",15,0.91,0.91
"406",3,"joke",1,0,0
"407",3,"joke",2,0.14,0.14
"408",3,"joke",3,0.17,0.17
"409",3,"joke",4,0.26,0.26
"410",3,"joke",5,0.3,0.3
"411",3,"joke",6,0.37,0.37
"412",3,"joke",7,0.46,0.46
"413",3,"joke",8,0.52,0.52
"414",3,"joke",9,0.6,0.6
"415",3,"joke",10,0.64,0.64
"416",3,"joke",11,0.69,0.69
"417",3,"joke",12,0.77,0.77
"418",3,"joke",13,0.8,0.8
"419",3,"joke",14,0.84,0.84
"420",3,"joke",15,0.83,0.83
"421",3,"laptop",1,0.26,0.26
"422",3,"laptop",2,0.35,0.35
"423",3,"laptop",3,0.61,0.61
"424",3,"laptop",4,0.72,0.72
"425",3,"laptop",5,0.81,0.81
"426",3,"laptop",6,0.58,0.58
"427",3,"laptop",7,0.5,0.5
"428",3,"laptop",8,0.44,0.44
"429",3,"laptop",9,0.41,0.41
"430",3,"laptop",10,0.37,0.37
"431",3,"laptop",11,0.2,0.2
"432",3,"laptop",12,0.2,0.2
"433",3,"laptop",13,0.19,0.19
"434",3,"laptop",14,0.14,0.14
"435",3,"laptop",15,0.09,0.09
"436",3,"watch",1,0.6,0.6
"437",3,"watch",2,0.71,0.71
"438",3,"watch",3,0.77,0.77
"439",3,"watch",4,0.83,0.83
"440",3,"watch",5,0.85,0.85
"441",3,"watch",6,0.79,0.79
"442",3,"watch",7,0.71,0.71
"443",3,"watch",8,0.68,0.68
"444",3,"watch",9,0.63,0.63
"445",3,"watch",10,0.54,0.54
"446",3,"watch",11,0.54,0.54
"447",3,"watch",12,0.52,0.52
"448",3,"watch",13,0.46,0.46
"449",3,"watch",14,0.45,0.45
"450",3,"watch",15,0.31,0.31
"451",3,"tv",1,0.5,0.5
"452",3,"tv",2,0.56,0.56
"453",3,"tv",3,0.63,0.63
"454",3,"tv",4,0.66,0.66
"455",3,"tv",5,0.73,0.73
"456",3,"tv",6,0.62,0.62
"457",3,"tv",7,0.65,0.65
"458",3,"tv",8,0.7,0.7
"459",3,"tv",9,0.73,0.73
"460",3,"tv",10,0.66,0.66
"461",3,"tv",11,0.57,0.57
"462",3,"tv",12,0.51,0.51
"463",3,"tv",13,0.45,0.45
"464",3,"tv",14,0.42,0.42
"465",3,"tv",15,0.35,0.35
"466",3,"movies",1,0.1,0.1
"467",3,"movies",2,0.11,0.11
"468",3,"movies",3,0.11,0.11
"469",3,"movies",4,0.11,0.11
"470",3,"movies",5,0.21,0.21
"471",3,"movies",6,0.28,0.28
"472",3,"movies",7,0.38,0.38
"473",3,"movies",8,0.82,0.82
"474",3,"movies",9,0.83,0.83
"475",3,"movies",10,0.84,0.84
"476",3,"movies",11,0.69,0.69
"477",3,"movies",12,0.65,0.65
"478",3,"movies",13,0.63,0.63
"479",3,"movies",14,0.62,0.62
"480",3,"movies",15,0.49,0.49
"481",4,"movies",1,0.26,0.26
"482",4,"movies",2,0.23,0.23
"483",4,"movies",3,0.25,0.25
"484",4,"movies",4,0.33,0.33
"485",4,"movies",5,0.54,0.54
"486",4,"movies",6,0.67,0.67
"487",4,"movies",7,0.92,0.92
"488",4,"movies",8,1,1
"489",4,"movies",9,0.97,0.97
"490",4,"movies",10,1,1
"491",4,"movies",11,0.77,0.77
"492",4,"movies",12,0.67,0.67
"493",4,"movies",13,0.69,0.69
"494",4,"movies",14,0.61,0.61
"495",4,"movies",15,0.48,0.48
"496",4,"joke",1,0.24,0.24
"497",4,"joke",2,0.26,0.26
"498",4,"joke",3,0.3,0.3
"499",4,"joke",4,0.32,0.32
"500",4,"joke",5,0.35,0.35
"501",4,"joke",6,0.35,0.35
"502",4,"joke",7,0.53,0.53
"503",4,"joke",8,0.57,0.57
"504",4,"joke",9,0.64,0.64
"505",4,"joke",10,0.75,0.75
"506",4,"joke",11,0.74,0.74
"507",4,"joke",12,0.72,0.72
"508",4,"joke",13,0.7,0.7
"509",4,"joke",14,0.68,0.68
"510",4,"joke",15,0.54,0.54
"511",4,"coffee",1,0.24,0.24
"512",4,"coffee",2,0.18,0.18
"513",4,"coffee",3,0.18,0.18
"514",4,"coffee",4,0.12,0.12
"515",4,"coffee",5,0.14,0.14
"516",4,"coffee",6,0.3,0.3
"517",4,"coffee",7,0.22,0.22
"518",4,"coffee",8,0.2,0.2
"519",4,"coffee",9,0.69,0.69
"520",4,"coffee",10,0.68,0.68
"521",4,"coffee",11,0.64,0.64
"522",4,"coffee",12,0.69,0.69
"523",4,"coffee",13,0.7,0.7
"524",4,"coffee",14,0.54,0.54
"525",4,"coffee",15,0.44,0.44
"526",4,"commute",1,0,0
"527",4,"commute",2,0,0
"528",4,"commute",3,0.13,0.13
"529",4,"commute",4,0.36,0.36
"530",4,"commute",5,0.6,0.6
"531",4,"commute",6,0.7,0.7
"532",4,"commute",7,0.73,0.73
"533",4,"commute",8,0.72,0.72
"534",4,"commute",9,0.75,0.75
"535",4,"commute",10,0.58,0.58
"536",4,"commute",11,0.49,0.49
"537",4,"commute",12,0.43,0.43
"538",4,"commute",13,0.34,0.34
"539",4,"commute",14,0.14,0.14
"540",4,"commute",15,0.04,0.04
"541",4,"watch",1,0.47,0.47
"542",4,"watch",2,0.5,0.5
"543",4,"watch",3,0.62,0.62
"544",4,"watch",4,0.66,0.66
"545",4,"watch",5,0.75,0.75
"546",4,"watch",6,0.72,0.72
"547",4,"watch",7,0.76,0.76
"548",4,"watch",8,0.81,0.81
"549",4,"watch",9,0.85,0.85
"550",4,"watch",10,0.83,0.83
"551",4,"watch",11,0.78,0.78
"552",4,"watch",12,0.74,0.74
"553",4,"watch",13,0.73,0.73
"554",4,"watch",14,0.8,0.8
"555",4,"watch",15,0.77,0.77
"556",4,"marbles",1,0.1,0.1
"557",4,"marbles",2,0.19,0.19
"558",4,"marbles",3,0.22,0.22
"559",4,"marbles",4,0.18,0.18
"560",4,"marbles",5,0.18,0.18
"561",4,"marbles",6,0.18,0.18
"562",4,"marbles",7,0.17,0.17
"563",4,"marbles",8,0.16,0.16
"564",4,"marbles",9,0.13,0.13
"565",4,"marbles",10,0.14,0.14
"566",4,"marbles",11,0.12,0.12
"567",4,"marbles",12,0.13,0.13
"568",4,"marbles",13,0.14,0.14
"569",4,"marbles",14,0.65,0.65
"570",4,"marbles",15,0.98,0.98
"571",4,"tv",1,0.47,0.47
"572",4,"tv",2,0.47,0.47
"573",4,"tv",3,0.62,0.62
"574",4,"tv",4,0.66,0.66
"575",4,"tv",5,0.61,0.61
"576",4,"tv",6,0.36,0.36
"577",4,"tv",7,0.45,0.45
"578",4,"tv",8,0.5,0.5
"579",4,"tv",9,0.41,0.41
"580",4,"tv",10,0.35,0.35
"581",4,"tv",11,0.45,0.45
"582",4,"tv",12,0.34,0.34
"583",4,"tv",13,0.26,0.26
"584",4,"tv",14,0.15,0.15
"585",4,"tv",15,0.07,0.07
"586",4,"laptop",1,0.49,0.49
"587",4,"laptop",2,0.67,0.67
"588",4,"laptop",3,0.7,0.7
"589",4,"laptop",4,0.81,0.81
"590",4,"laptop",5,0.82,0.82
"591",4,"laptop",6,0.15,0.15
"592",4,"laptop",7,0.14,0.14
"593",4,"laptop",8,0.07,0.07
"594",4,"laptop",9,0.02,0.02
"595",4,"laptop",10,0,0
"596",4,"laptop",11,0,0
"597",4,"laptop",12,0,0
"598",4,"laptop",13,0,0
"599",4,"laptop",14,0,0
"600",4,"laptop",15,0,0
"601",5,"movies",1,0.03,0.0106382978723404
"602",5,"movies",2,0.02,0
"603",5,"movies",3,0.03,0.0106382978723404
"604",5,"movies",4,0.03,0.0106382978723404
"605",5,"movies",5,0.26,0.25531914893617
"606",5,"movies",6,0.59,0.606382978723404
"607",5,"movies",7,0.7,0.723404255319149
"608",5,"movies",8,0.86,0.893617021276596
"609",5,"movies",9,0.73,0.75531914893617
"610",5,"movies",10,0.61,0.627659574468085
"611",5,"movies",11,0.44,0.446808510638298
"612",5,"movies",12,0.29,0.287234042553191
"613",5,"movies",13,0.21,0.202127659574468
"614",5,"movies",14,0.1,0.0851063829787234
"615",5,"movies",15,0.07,0.0531914893617021
"616",5,"tv",1,0.52,0.531914893617021
"617",5,"tv",2,0.62,0.638297872340426
"618",5,"tv",3,0.69,0.712765957446808
"619",5,"tv",4,0.79,0.819148936170213
"620",5,"tv",5,0.72,0.74468085106383
"621",5,"tv",6,0.74,0.765957446808511
"622",5,"tv",7,0.66,0.680851063829787
"623",5,"tv",8,0.51,0.521276595744681
"624",5,"tv",9,0.32,0.319148936170213
"625",5,"tv",10,0.25,0.24468085106383
"626",5,"tv",11,0.31,0.308510638297872
"627",5,"tv",12,0.25,0.24468085106383
"628",5,"tv",13,0.16,0.148936170212766
"629",5,"tv",14,0.1,0.0851063829787234
"630",5,"tv",15,0.05,0.0319148936170213
"631",5,"coffee",1,0.06,0.0425531914893617
"632",5,"coffee",2,0.08,0.0638297872340425
"633",5,"coffee",3,0.1,0.0851063829787234
"634",5,"coffee",4,0.09,0.074468085106383
"635",5,"coffee",5,0.12,0.106382978723404
"636",5,"coffee",6,0.11,0.0957446808510638
"637",5,"coffee",7,0.17,0.159574468085106
"638",5,"coffee",8,0.3,0.297872340425532
"639",5,"coffee",9,0.54,0.553191489361702
"640",5,"coffee",10,0.68,0.702127659574468
"641",5,"coffee",11,0.77,0.797872340425532
"642",5,"coffee",12,0.85,0.882978723404255
"643",5,"coffee",13,0.65,0.670212765957447
"644",5,"coffee",14,0.17,0.159574468085106
"645",5,"coffee",15,0.05,0.0319148936170213
"646",5,"marbles",1,0.87,0.904255319148936
"647",5,"marbles",2,0.39,0.393617021276596
"648",5,"marbles",3,0.31,0.308510638297872
"649",5,"marbles",4,0.24,0.234042553191489
"650",5,"marbles",5,0.14,0.127659574468085
"651",5,"marbles",6,0.11,0.0957446808510638
"652",5,"marbles",7,0.05,0.0319148936170213
"653",5,"marbles",8,0.04,0.0212765957446809
"654",5,"marbles",9,0.08,0.0638297872340425
"655",5,"marbles",10,0.1,0.0851063829787234
"656",5,"marbles",11,0.15,0.138297872340426
"657",5,"marbles",12,0.16,0.148936170212766
"658",5,"marbles",13,0.19,0.180851063829787
"659",5,"marbles",14,0.19,0.180851063829787
"660",5,"marbles",15,0.96,1
"661",5,"watch",1,0.55,0.563829787234043
"662",5,"watch",2,0.64,0.659574468085106
"663",5,"watch",3,0.86,0.893617021276596
"664",5,"watch",4,0.82,0.851063829787234
"665",5,"watch",5,0.76,0.787234042553192
"666",5,"watch",6,0.74,0.765957446808511
"667",5,"watch",7,0.67,0.691489361702128
"668",5,"watch",8,0.64,0.659574468085106
"669",5,"watch",9,0.53,0.542553191489362
"670",5,"watch",10,0.4,0.404255319148936
"671",5,"watch",11,0.56,0.574468085106383
"672",5,"watch",12,0.36,0.361702127659574
"673",5,"watch",13,0.22,0.212765957446809
"674",5,"watch",14,0.16,0.148936170212766
"675",5,"watch",15,0.47,0.478723404255319
"676",5,"joke",1,0.73,0.75531914893617
"677",5,"joke",2,0.5,0.51063829787234
"678",5,"joke",3,0.36,0.361702127659574
"679",5,"joke",4,0.23,0.223404255319149
"680",5,"joke",5,0.16,0.148936170212766
"681",5,"joke",6,0.1,0.0851063829787234
"682",5,"joke",7,0.07,0.0531914893617021
"683",5,"joke",8,0.1,0.0851063829787234
"684",5,"joke",9,0.12,0.106382978723404
"685",5,"joke",10,0.23,0.223404255319149
"686",5,"joke",11,0.36,0.361702127659574
"687",5,"joke",12,0.46,0.468085106382979
"688",5,"joke",13,0.64,0.659574468085106
"689",5,"joke",14,0.75,0.776595744680851
"690",5,"joke",15,0.86,0.893617021276596
"691",5,"commute",1,0.3,0.297872340425532
"692",5,"commute",2,0.5,0.51063829787234
"693",5,"commute",3,0.7,0.723404255319149
"694",5,"commute",4,0.84,0.872340425531915
"695",5,"commute",5,0.69,0.712765957446808
"696",5,"commute",6,0.66,0.680851063829787
"697",5,"commute",7,0.59,0.606382978723404
"698",5,"commute",8,0.56,0.574468085106383
"699",5,"commute",9,0.44,0.446808510638298
"700",5,"commute",10,0.41,0.414893617021277
"701",5,"commute",11,0.48,0.48936170212766
"702",5,"commute",12,0.38,0.382978723404255
"703",5,"commute",13,0.24,0.234042553191489
"704",5,"commute",14,0.17,0.159574468085106
"705",5,"commute",15,0.12,0.106382978723404
"706",5,"laptop",1,0.7,0.723404255319149
"707",5,"laptop",2,0.65,0.670212765957447
"708",5,"laptop",3,0.43,0.436170212765957
"709",5,"laptop",4,0.21,0.202127659574468
"710",5,"laptop",5,0.08,0.0638297872340425
"711",5,"laptop",6,0.09,0.074468085106383
"712",5,"laptop",7,0.05,0.0319148936170213
"713",5,"laptop",8,0.06,0.0425531914893617
"714",5,"laptop",9,0.06,0.0425531914893617
"715",5,"laptop",10,0.05,0.0319148936170213
"716",5,"laptop",11,0.05,0.0319148936170213
"717",5,"laptop",12,0.05,0.0319148936170213
"718",5,"laptop",13,0.05,0.0319148936170213
"719",5,"laptop",14,0.04,0.0212765957446809
"720",5,"laptop",15,0.08,0.0638297872340425
"721",6,"movies",1,0.03,0.0315789473684211
"722",6,"movies",2,0.01,0.0105263157894737
"723",6,"movies",3,0.02,0.0210526315789474
"724",6,"movies",4,0,0
"725",6,"movies",5,0.22,0.231578947368421
"726",6,"movies",6,0.48,0.505263157894737
"727",6,"movies",7,0.68,0.715789473684211
"728",6,"movies",8,0.68,0.715789473684211
"729",6,"movies",9,0.59,0.621052631578947
"730",6,"movies",10,0.44,0.463157894736842
"731",6,"movies",11,0.28,0.294736842105263
"732",6,"movies",12,0.21,0.221052631578947
"733",6,"movies",13,0.07,0.0736842105263158
"734",6,"movies",14,0.05,0.0526315789473684
"735",6,"movies",15,0.05,0.0526315789473684
"736",6,"laptop",1,0.59,0.621052631578947
"737",6,"laptop",2,0.93,0.978947368421053
"738",6,"laptop",3,0.25,0.263157894736842
"739",6,"laptop",4,0.11,0.115789473684211
"740",6,"laptop",5,0.05,0.0526315789473684
"741",6,"laptop",6,0.04,0.0421052631578947
"742",6,"laptop",7,0.04,0.0421052631578947
"743",6,"laptop",8,0.03,0.0315789473684211
"744",6,"laptop",9,0.05,0.0526315789473684
"745",6,"laptop",10,0.03,0.0315789473684211
"746",6,"laptop",11,0.02,0.0210526315789474
"747",6,"laptop",12,0.05,0.0526315789473684
"748",6,"laptop",13,0.05,0.0526315789473684
"749",6,"laptop",14,0.02,0.0210526315789474
"750",6,"laptop",15,0.02,0.0210526315789474
"751",6,"tv",1,0.26,0.273684210526316
"752",6,"tv",2,0.39,0.410526315789474
"753",6,"tv",3,0.41,0.431578947368421
"754",6,"tv",4,0.38,0.4
"755",6,"tv",5,0.33,0.347368421052632
"756",6,"tv",6,0.36,0.378947368421053
"757",6,"tv",7,0.35,0.368421052631579
"758",6,"tv",8,0.38,0.4
"759",6,"tv",9,0.35,0.368421052631579
"760",6,"tv",10,0.26,0.273684210526316
"761",6,"tv",11,0.2,0.210526315789474
"762",6,"tv",12,0.14,0.147368421052632
"763",6,"tv",13,0.15,0.157894736842105
"764",6,"tv",14,0.12,0.126315789473684
"765",6,"tv",15,0.05,0.0526315789473684
"766",6,"coffee",1,0.07,0.0736842105263158
"767",6,"coffee",2,0.11,0.115789473684211
"768",6,"coffee",3,0.13,0.136842105263158
"769",6,"coffee",4,0.12,0.126315789473684
"770",6,"coffee",5,0.11,0.115789473684211
"771",6,"coffee",6,0.36,0.378947368421053
"772",6,"coffee",7,0.34,0.357894736842105
"773",6,"coffee",8,0.42,0.442105263157895
"774",6,"coffee",9,0.46,0.48421052631579
"775",6,"coffee",10,0.59,0.621052631578947
"776",6,"coffee",11,0.57,0.6
"777",6,"coffee",12,0.59,0.621052631578947
"778",6,"coffee",13,0.54,0.568421052631579
"779",6,"coffee",14,0.1,0.105263157894737
"780",6,"coffee",15,0.06,0.0631578947368421
"781",6,"joke",1,0.29,0.305263157894737
"782",6,"joke",2,0.38,0.4
"783",6,"joke",3,0.41,0.431578947368421
"784",6,"joke",4,0.4,0.421052631578947
"785",6,"joke",5,0.39,0.410526315789474
"786",6,"joke",6,0.33,0.347368421052632
"787",6,"joke",7,0.3,0.315789473684211
"788",6,"joke",8,0.29,0.305263157894737
"789",6,"joke",9,0.4,0.421052631578947
"790",6,"joke",10,0.48,0.505263157894737
"791",6,"joke",11,0.52,0.547368421052632
"792",6,"joke",12,0.55,0.578947368421053
"793",6,"joke",13,0.6,0.631578947368421
"794",6,"joke",14,0.47,0.494736842105263
"795",6,"joke",15,0.41,0.431578947368421
"796",6,"watch",1,0.71,0.747368421052632
"797",6,"watch",2,0.74,0.778947368421053
"798",6,"watch",3,0.66,0.694736842105263
"799",6,"watch",4,0.53,0.557894736842105
"800",6,"watch",5,0.53,0.557894736842105
"801",6,"watch",6,0.57,0.6
"802",6,"watch",7,0.59,0.621052631578947
"803",6,"watch",8,0.46,0.48421052631579
"804",6,"watch",9,0.51,0.536842105263158
"805",6,"watch",10,0.54,0.568421052631579
"806",6,"watch",11,0.47,0.494736842105263
"807",6,"watch",12,0.41,0.431578947368421
"808",6,"watch",13,0.34,0.357894736842105
"809",6,"watch",14,0.26,0.273684210526316
"810",6,"watch",15,0.14,0.147368421052632
"811",6,"marbles",1,0.08,0.0842105263157895
"812",6,"marbles",2,0.09,0.0947368421052632
"813",6,"marbles",3,0.09,0.0947368421052632
"814",6,"marbles",4,0.09,0.0947368421052632
"815",6,"marbles",5,0.1,0.105263157894737
"816",6,"marbles",6,0.08,0.0842105263157895
"817",6,"marbles",7,0.08,0.0842105263157895
"818",6,"marbles",8,0.08,0.0842105263157895
"819",6,"marbles",9,0.09,0.0947368421052632
"820",6,"marbles",10,0.06,0.0631578947368421
"821",6,"marbles",11,0.08,0.0842105263157895
"822",6,"marbles",12,0.08,0.0842105263157895
"823",6,"marbles",13,0.06,0.0631578947368421
"824",6,"marbles",14,0.06,0.0631578947368421
"825",6,"marbles",15,0.95,1
"826",6,"commute",1,0.39,0.410526315789474
"827",6,"commute",2,0.58,0.610526315789474
"828",6,"commute",3,0.64,0.673684210526316
"829",6,"commute",4,0.63,0.663157894736842
"830",6,"commute",5,0.58,0.610526315789474
"831",6,"commute",6,0.67,0.705263157894737
"832",6,"commute",7,0.63,0.663157894736842
"833",6,"commute",8,0.5,0.526315789473684
"834",6,"commute",9,0.38,0.4
"835",6,"commute",10,0.34,0.357894736842105
"836",6,"commute",11,0.27,0.28421052631579
"837",6,"commute",12,0.19,0.2
"838",6,"commute",13,0.18,0.189473684210526
"839",6,"commute",14,0.18,0.189473684210526
"840",6,"commute",15,0.1,0.105263157894737
"841",7,"marbles",1,0,0
"842",7,"marbles",2,0,0
"843",7,"marbles",3,0,0
"844",7,"marbles",4,0,0
"845",7,"marbles",5,0,0
"846",7,"marbles",6,0,0
"847",7,"marbles",7,0,0
"848",7,"marbles",8,0,0
"849",7,"marbles",9,0,0
"850",7,"marbles",10,0,0
"851",7,"marbles",11,0.03,0.0315789473684211
"852",7,"marbles",12,0,0
"853",7,"marbles",13,0,0
"854",7,"marbles",14,0,0
"855",7,"marbles",15,0.95,1
"856",7,"commute",1,0.25,0.263157894736842
"857",7,"commute",2,0.39,0.410526315789474
"858",7,"commute",3,0.67,0.705263157894737
"859",7,"commute",4,0.77,0.810526315789474
"860",7,"commute",5,0.75,0.789473684210526
"861",7,"commute",6,0.36,0.378947368421053
"862",7,"commute",7,0.22,0.231578947368421
"863",7,"commute",8,0.17,0.178947368421053
"864",7,"commute",9,0.16,0.168421052631579
"865",7,"commute",10,0.05,0.0526315789473684
"866",7,"commute",11,0.01,0.0105263157894737
"867",7,"commute",12,0.04,0.0421052631578947
"868",7,"commute",13,0.02,0.0210526315789474
"869",7,"commute",14,0.04,0.0421052631578947
"870",7,"commute",15,0.07,0.0736842105263158
"871",7,"watch",1,0.22,0.231578947368421
"872",7,"watch",2,0.24,0.252631578947368
"873",7,"watch",3,0.3,0.315789473684211
"874",7,"watch",4,0.42,0.442105263157895
"875",7,"watch",5,0.56,0.589473684210526
"876",7,"watch",6,0.64,0.673684210526316
"877",7,"watch",7,0.69,0.726315789473684
"878",7,"watch",8,0.67,0.705263157894737
"879",7,"watch",9,0.69,0.726315789473684
"880",7,"watch",10,0.7,0.736842105263158
"881",7,"watch",11,0.64,0.673684210526316
"882",7,"watch",12,0.75,0.789473684210526
"883",7,"watch",13,0.59,0.621052631578947
"884",7,"watch",14,0.35,0.368421052631579
"885",7,"watch",15,0.37,0.389473684210526
"886",7,"joke",1,0.14,0.147368421052632
"887",7,"joke",2,0.15,0.157894736842105
"888",7,"joke",3,0.16,0.168421052631579
"889",7,"joke",4,0.23,0.242105263157895
"890",7,"joke",5,0.25,0.263157894736842
"891",7,"joke",6,0.46,0.48421052631579
"892",7,"joke",7,0.62,0.652631578947368
"893",7,"joke",8,0.67,0.705263157894737
"894",7,"joke",9,0.67,0.705263157894737
"895",7,"joke",10,0.69,0.726315789473684
"896",7,"joke",11,0.79,0.831578947368421
"897",7,"joke",12,0.77,0.810526315789474
"898",7,"joke",13,0.79,0.831578947368421
"899",7,"joke",14,0.8,0.842105263157895
"900",7,"joke",15,0.78,0.821052631578947
"901",7,"tv",1,0.12,0.126315789473684
"902",7,"tv",2,0.27,0.28421052631579
"903",7,"tv",3,0.45,0.473684210526316
"904",7,"tv",4,0.63,0.663157894736842
"905",7,"tv",5,0.62,0.652631578947368
"906",7,"tv",6,0.44,0.463157894736842
"907",7,"tv",7,0.27,0.28421052631579
"908",7,"tv",8,0.12,0.126315789473684
"909",7,"tv",9,0.06,0.0631578947368421
"910",7,"tv",10,0.05,0.0526315789473684
"911",7,"tv",11,0.08,0.0842105263157895
"912",7,"tv",12,0.05,0.0526315789473684
"913",7,"tv",13,0.03,0.0315789473684211
"914",7,"tv",14,0.09,0.0947368421052632
"915",7,"tv",15,0.04,0.0421052631578947
"916",7,"movies",1,0.04,0.0421052631578947
"917",7,"movies",2,0.03,0.0315789473684211
"918",7,"movies",3,0.05,0.0526315789473684
"919",7,"movies",4,0.04,0.0421052631578947
"920",7,"movies",5,0.2,0.210526315789474
"921",7,"movies",6,0.21,0.221052631578947
"922",7,"movies",7,0.22,0.231578947368421
"923",7,"movies",8,0.61,0.642105263157895
"924",7,"movies",9,0.75,0.789473684210526
"925",7,"movies",10,0.56,0.589473684210526
"926",7,"movies",11,0.41,0.431578947368421
"927",7,"movies",12,0.28,0.294736842105263
"928",7,"movies",13,0.24,0.252631578947368
"929",7,"movies",14,0.15,0.157894736842105
"930",7,"movies",15,0.14,0.147368421052632
"931",7,"coffee",1,0.08,0.0842105263157895
"932",7,"coffee",2,0.05,0.0526315789473684
"933",7,"coffee",3,0.07,0.0736842105263158
"934",7,"coffee",4,0.09,0.0947368421052632
"935",7,"coffee",5,0.05,0.0526315789473684
"936",7,"coffee",6,0.21,0.221052631578947
"937",7,"coffee",7,0.33,0.347368421052632
"938",7,"coffee",8,0.53,0.557894736842105
"939",7,"coffee",9,0.67,0.705263157894737
"940",7,"coffee",10,0.66,0.694736842105263
"941",7,"coffee",11,0.66,0.694736842105263
"942",7,"coffee",12,0.29,0.305263157894737
"943",7,"coffee",13,0.19,0.2
"944",7,"coffee",14,0.18,0.189473684210526
"945",7,"coffee",15,0.1,0.105263157894737
"946",7,"laptop",1,0.2,0.210526315789474
"947",7,"laptop",2,0.71,0.747368421052632
"948",7,"laptop",3,0.69,0.726315789473684
"949",7,"laptop",4,0.69,0.726315789473684
"950",7,"laptop",5,0.62,0.652631578947368
"951",7,"laptop",6,0.55,0.578947368421053
"952",7,"laptop",7,0.37,0.389473684210526
"953",7,"laptop",8,0.26,0.273684210526316
"954",7,"laptop",9,0.17,0.178947368421053
"955",7,"laptop",10,0.1,0.105263157894737
"956",7,"laptop",11,0.14,0.147368421052632
"957",7,"laptop",12,0.13,0.136842105263158
"958",7,"laptop",13,0.14,0.147368421052632
"959",7,"laptop",14,0.15,0.157894736842105
"960",7,"laptop",15,0.07,0.0736842105263158
"961",8,"marbles",1,1,1
"962",8,"marbles",2,1,1
"963",8,"marbles",3,1,1
"964",8,"marbles",4,1,1
"965",8,"marbles",5,1,1
"966",8,"marbles",6,1,1
"967",8,"marbles",7,1,1
"968",8,"marbles",8,1,1
"969",8,"marbles",9,1,1
"970",8,"marbles",10,1,1
"971",8,"marbles",11,1,1
"972",8,"marbles",12,1,1
"973",8,"marbles",13,1,1
"974",8,"marbles",14,1,1
"975",8,"marbles",15,1,1
"976",8,"tv",1,1,1
"977",8,"tv",2,1,1
"978",8,"tv",3,1,1
"979",8,"tv",4,0.76,0.76
"980",8,"tv",5,0.56,0.56
"981",8,"tv",6,0.29,0.29
"982",8,"tv",7,0.28,0.28
"983",8,"tv",8,0.14,0.14
"984",8,"tv",9,0.09,0.09
"985",8,"tv",10,0.05,0.05
"986",8,"tv",11,0.05,0.05
"987",8,"tv",12,0.06,0.06
"988",8,"tv",13,0,0
"989",8,"tv",14,0,0
"990",8,"tv",15,0,0
"991",8,"watch",1,1,1
"992",8,"watch",2,1,1
"993",8,"watch",3,0.74,0.74
"994",8,"watch",4,0.75,0.75
"995",8,"watch",5,0.61,0.61
"996",8,"watch",6,0.62,0.62
"997",8,"watch",7,0.51,0.51
"998",8,"watch",8,0.4,0.4
"999",8,"watch",9,0.27,0.27
"1000",8,"watch",10,0.14,0.14
"1001",8,"watch",11,0.11,0.11
"1002",8,"watch",12,0.11,0.11
"1003",8,"watch",13,0.11,0.11
"1004",8,"watch",14,0.09,0.09
"1005",8,"watch",15,0.1,0.1
"1006",8,"laptop",1,1,1
"1007",8,"laptop",2,1,1
"1008",8,"laptop",3,0.64,0.64
"1009",8,"laptop",4,0.21,0.21
"1010",8,"laptop",5,0.22,0.22
"1011",8,"laptop",6,0.08,0.08
"1012",8,"laptop",7,0,0
"1013",8,"laptop",8,0,0
"1014",8,"laptop",9,0,0
"1015",8,"laptop",10,0,0
"1016",8,"laptop",11,0.01,0.01
"1017",8,"laptop",12,0,0
"1018",8,"laptop",13,0,0
"1019",8,"laptop",14,0,0
"1020",8,"laptop",15,0,0
"1021",8,"commute",1,1,1
"1022",8,"commute",2,1,1
"1023",8,"commute",3,1,1
"1024",8,"commute",4,1,1
"1025",8,"commute",5,1,1
"1026",8,"commute",6,1,1
"1027",8,"commute",7,1,1
"1028",8,"commute",8,1,1
"1029",8,"commute",9,1,1
"1030",8,"commute",10,0.75,0.75
"1031",8,"commute",11,0.63,0.63
"1032",8,"commute",12,0.46,0.46
"1033",8,"commute",13,0.37,0.37
"1034",8,"commute",14,0.21,0.21
"1035",8,"commute",15,0.09,0.09
"1036",8,"joke",1,0.76,0.76
"1037",8,"joke",2,0.76,0.76
"1038",8,"joke",3,0.77,0.77
"1039",8,"joke",4,0.78,0.78
"1040",8,"joke",5,0.75,0.75
"1041",8,"joke",6,0.77,0.77
"1042",8,"joke",7,0.78,0.78
"1043",8,"joke",8,0.78,0.78
"1044",8,"joke",9,0.77,0.77
"1045",8,"joke",10,0.77,0.77
"1046",8,"joke",11,0.78,0.78
"1047",8,"joke",12,0.78,0.78
"1048",8,"joke",13,0.78,0.78
"1049",8,"joke",14,0.79,0.79
"1050",8,"joke",15,0.79,0.79
"1051",8,"coffee",1,0.1,0.1
"1052",8,"coffee",2,0.11,0.11
"1053",8,"coffee",3,0.1,0.1
"1054",8,"coffee",4,0.11,0.11
"1055",8,"coffee",5,0.46,0.46
"1056",8,"coffee",6,0.71,0.71
"1057",8,"coffee",7,0.71,0.71
"1058",8,"coffee",8,0.7,0.7
"1059",8,"coffee",9,0.2,0.2
"1060",8,"coffee",10,0.19,0.19
"1061",8,"coffee",11,0.02,0.02
"1062",8,"coffee",12,0.02,0.02
"1063",8,"coffee",13,0.04,0.04
"1064",8,"coffee",14,0.04,0.04
"1065",8,"coffee",15,0.04,0.04
"1066",8,"movies",1,0.11,0.11
"1067",8,"movies",2,0.11,0.11
"1068",8,"movies",3,0.09,0.09
"1069",8,"movies",4,0.11,0.11
"1070",8,"movies",5,0.1,0.1
"1071",8,"movies",6,0.11,0.11
"1072",8,"movies",7,0.14,0.14
"1073",8,"movies",8,0.74,0.74
"1074",8,"movies",9,0.73,0.73
"1075",8,"movies",10,0.7,0.7
"1076",8,"movies",11,0.76,0.76
"1077",8,"movies",12,0.62,0.62
"1078",8,"movies",13,0.43,0.43
"1079",8,"movies",14,0.22,0.22
"1080",8,"movies",15,0.13,0.13
"1081",9,"tv",1,0.3,0.309278350515464
"1082",9,"tv",2,0.32,0.329896907216495
"1083",9,"tv",3,0.59,0.608247422680412
"1084",9,"tv",4,0.75,0.77319587628866
"1085",9,"tv",5,0.76,0.783505154639175
"1086",9,"tv",6,0.65,0.670103092783505
"1087",9,"tv",7,0.63,0.649484536082474
"1088",9,"tv",8,0.32,0.329896907216495
"1089",9,"tv",9,0.31,0.319587628865979
"1090",9,"tv",10,0.27,0.278350515463918
"1091",9,"tv",11,0.48,0.494845360824742
"1092",9,"tv",12,0.4,0.412371134020619
"1093",9,"tv",13,0.39,0.402061855670103
"1094",9,"tv",14,0.23,0.237113402061856
"1095",9,"tv",15,0.16,0.164948453608247
"1096",9,"marbles",1,0.02,0.0206185567010309
"1097",9,"marbles",2,0.25,0.257731958762887
"1098",9,"marbles",3,0.27,0.278350515463918
"1099",9,"marbles",4,0.25,0.257731958762887
"1100",9,"marbles",5,0.25,0.257731958762887
"1101",9,"marbles",6,0.27,0.278350515463918
"1102",9,"marbles",7,0.26,0.268041237113402
"1103",9,"marbles",8,0.26,0.268041237113402
"1104",9,"marbles",9,0.26,0.268041237113402
"1105",9,"marbles",10,0.27,0.278350515463918
"1106",9,"marbles",11,0.28,0.288659793814433
"1107",9,"marbles",12,0.29,0.298969072164948
"1108",9,"marbles",13,0.27,0.278350515463918
"1109",9,"marbles",14,0.27,0.278350515463918
"1110",9,"marbles",15,0.97,1
"1111",9,"joke",1,0.24,0.247422680412371
"1112",9,"joke",2,0.25,0.257731958762887
"1113",9,"joke",3,0.26,0.268041237113402
"1114",9,"joke",4,0.27,0.278350515463918
"1115",9,"joke",5,0.4,0.412371134020619
"1116",9,"joke",6,0.43,0.443298969072165
"1117",9,"joke",7,0.47,0.484536082474227
"1118",9,"joke",8,0.49,0.505154639175258
"1119",9,"joke",9,0.47,0.484536082474227
"1120",9,"joke",10,0.63,0.649484536082474
"1121",9,"joke",11,0.77,0.793814432989691
"1122",9,"joke",12,0.78,0.804123711340206
"1123",9,"joke",13,0.74,0.762886597938144
"1124",9,"joke",14,0.75,0.77319587628866
"1125",9,"joke",15,0.74,0.762886597938144
"1126",9,"commute",1,0.3,0.309278350515464
"1127",9,"commute",2,0.41,0.422680412371134
"1128",9,"commute",3,0.37,0.381443298969072
"1129",9,"commute",4,0.57,0.587628865979381
"1130",9,"commute",5,0.73,0.752577319587629
"1131",9,"commute",6,0.71,0.731958762886598
"1132",9,"commute",7,0.26,0.268041237113402
"1133",9,"commute",8,0.26,0.268041237113402
"1134",9,"commute",9,0.28,0.288659793814433
"1135",9,"commute",10,0.24,0.247422680412371
"1136",9,"commute",11,0.28,0.288659793814433
"1137",9,"commute",12,0.23,0.237113402061856
"1138",9,"commute",13,0.24,0.247422680412371
"1139",9,"commute",14,0.25,0.257731958762887
"1140",9,"commute",15,0.25,0.257731958762887
"1141",9,"coffee",1,0.28,0.288659793814433
"1142",9,"coffee",2,0.29,0.298969072164948
"1143",9,"coffee",3,0.27,0.278350515463918
"1144",9,"coffee",4,0.31,0.319587628865979
"1145",9,"coffee",5,0.31,0.319587628865979
"1146",9,"coffee",6,0.51,0.525773195876289
"1147",9,"coffee",7,0.52,0.536082474226804
"1148",9,"coffee",8,0.65,0.670103092783505
"1149",9,"coffee",9,0.68,0.701030927835052
"1150",9,"coffee",10,0.65,0.670103092783505
"1151",9,"coffee",11,0.71,0.731958762886598
"1152",9,"coffee",12,0.7,0.721649484536082
"1153",9,"coffee",13,0.7,0.721649484536082
"1154",9,"coffee",14,0.71,0.731958762886598
"1155",9,"coffee",15,0.67,0.690721649484536
"1156",9,"movies",1,0.04,0.0412371134020619
"1157",9,"movies",2,0.04,0.0412371134020619
"1158",9,"movies",3,0,0
"1159",9,"movies",4,0.02,0.0206185567010309
"1160",9,"movies",5,0.01,0.0103092783505155
"1161",9,"movies",6,0.26,0.268041237113402
"1162",9,"movies",7,0.27,0.278350515463918
"1163",9,"movies",8,0.65,0.670103092783505
"1164",9,"movies",9,0.71,0.731958762886598
"1165",9,"movies",10,0.72,0.742268041237113
"1166",9,"movies",11,0.49,0.505154639175258
"1167",9,"movies",12,0.33,0.34020618556701
"1168",9,"movies",13,0.3,0.309278350515464
"1169",9,"movies",14,0.31,0.319587628865979
"1170",9,"movies",15,0.03,0.0309278350515464
"1171",9,"laptop",1,0.72,0.742268041237113
"1172",9,"laptop",2,0.59,0.608247422680412
"1173",9,"laptop",3,0.51,0.525773195876289
"1174",9,"laptop",4,0.36,0.371134020618557
"1175",9,"laptop",5,0.24,0.247422680412371
"1176",9,"laptop",6,0.29,0.298969072164948
"1177",9,"laptop",7,0.29,0.298969072164948
"1178",9,"laptop",8,0.25,0.257731958762887
"1179",9,"laptop",9,0.18,0.185567010309278
"1180",9,"laptop",10,0.18,0.185567010309278
"1181",9,"laptop",11,0.3,0.309278350515464
"1182",9,"laptop",12,0.27,0.278350515463918
"1183",9,"laptop",13,0.19,0.195876288659794
"1184",9,"laptop",14,0.16,0.164948453608247
"1185",9,"laptop",15,0.16,0.164948453608247
"1186",9,"watch",1,0.76,0.783505154639175
"1187",9,"watch",2,0.5,0.515463917525773
"1188",9,"watch",3,0.39,0.402061855670103
"1189",9,"watch",4,0.41,0.422680412371134
"1190",9,"watch",5,0.14,0.144329896907217
"1191",9,"watch",6,0.24,0.247422680412371
"1192",9,"watch",7,0.26,0.268041237113402
"1193",9,"watch",8,0.28,0.288659793814433
"1194",9,"watch",9,0.24,0.247422680412371
"1195",9,"watch",10,0.21,0.216494845360825
"1196",9,"watch",11,0.18,0.185567010309278
"1197",9,"watch",12,0.23,0.237113402061856
"1198",9,"watch",13,0.24,0.247422680412371
"1199",9,"watch",14,0.18,0.185567010309278
"1200",9,"watch",15,0.18,0.185567010309278
"1201",10,"coffee",1,0.26,0.26
"1202",10,"coffee",2,0.26,0.26
"1203",10,"coffee",3,0.28,0.28
"1204",10,"coffee",4,0.32,0.32
"1205",10,"coffee",5,0.42,0.42
"1206",10,"coffee",6,0.54,0.54
"1207",10,"coffee",7,0.7,0.7
"1208",10,"coffee",8,0.74,0.74
"1209",10,"coffee",9,0.77,0.77
"1210",10,"coffee",10,0.75,0.75
"1211",10,"coffee",11,0.78,0.78
"1212",10,"coffee",12,0.73,0.73
"1213",10,"coffee",13,0.66,0.66
"1214",10,"coffee",14,0.4,0.4
"1215",10,"coffee",15,0.07,0.07
"1216",10,"commute",1,1,1
"1217",10,"commute",2,1,1
"1218",10,"commute",3,1,1
"1219",10,"commute",4,1,1
"1220",10,"commute",5,0.81,0.81
"1221",10,"commute",6,0.65,0.65
"1222",10,"commute",7,0.5,0.5
"1223",10,"commute",8,0.34,0.34
"1224",10,"commute",9,0.25,0.25
"1225",10,"commute",10,0.15,0.15
"1226",10,"commute",11,0.07,0.07
"1227",10,"commute",12,0.06,0.06
"1228",10,"commute",13,0.05,0.05
"1229",10,"commute",14,0.04,0.04
"1230",10,"commute",15,0.04,0.04
"1231",10,"laptop",1,1,1
"1232",10,"laptop",2,1,1
"1233",10,"laptop",3,1,1
"1234",10,"laptop",4,0.85,0.85
"1235",10,"laptop",5,0.73,0.73
"1236",10,"laptop",6,0.59,0.59
"1237",10,"laptop",7,0.13,0.13
"1238",10,"laptop",8,0.11,0.11
"1239",10,"laptop",9,0,0
"1240",10,"laptop",10,0,0
"1241",10,"laptop",11,0,0
"1242",10,"laptop",12,0,0
"1243",10,"laptop",13,0,0
"1244",10,"laptop",14,0,0
"1245",10,"laptop",15,0,0
"1246",10,"tv",1,1,1
"1247",10,"tv",2,1,1
"1248",10,"tv",3,1,1
"1249",10,"tv",4,1,1
"1250",10,"tv",5,1,1
"1251",10,"tv",6,0.69,0.69
"1252",10,"tv",7,0.34,0.34
"1253",10,"tv",8,0.29,0.29
"1254",10,"tv",9,0.15,0.15
"1255",10,"tv",10,0.14,0.14
"1256",10,"tv",11,0.12,0.12
"1257",10,"tv",12,0.08,0.08
"1258",10,"tv",13,0.07,0.07
"1259",10,"tv",14,0.05,0.05
"1260",10,"tv",15,0.05,0.05
"1261",10,"movies",1,0,0
"1262",10,"movies",2,0,0
"1263",10,"movies",3,0,0
"1264",10,"movies",4,0,0
"1265",10,"movies",5,0,0
"1266",10,"movies",6,0.5,0.5
"1267",10,"movies",7,0.76,0.76
"1268",10,"movies",8,1,1
"1269",10,"movies",9,1,1
"1270",10,"movies",10,0.67,0.67
"1271",10,"movies",11,0.23,0.23
"1272",10,"movies",12,0.07,0.07
"1273",10,"movies",13,0.07,0.07
"1274",10,"movies",14,0.05,0.05
"1275",10,"movies",15,0.05,0.05
"1276",10,"marbles",1,0.11,0.11
"1277",10,"marbles",2,0.15,0.15
"1278",10,"marbles",3,0.16,0.16
"1279",10,"marbles",4,0.21,0.21
"1280",10,"marbles",5,0.24,0.24
"1281",10,"marbles",6,0.3,0.3
"1282",10,"marbles",7,0.36,0.36
"1283",10,"marbles",8,0.4,0.4
"1284",10,"marbles",9,0.44,0.44
"1285",10,"marbles",10,0.52,0.52
"1286",10,"marbles",11,0.58,0.58
"1287",10,"marbles",12,0.64,0.64
"1288",10,"marbles",13,0.74,0.74
"1289",10,"marbles",14,0.79,0.79
"1290",10,"marbles",15,1,1
"1291",10,"watch",1,1,1
"1292",10,"watch",2,0.98,0.98
"1293",10,"watch",3,0.99,0.99
"1294",10,"watch",4,0.99,0.99
"1295",10,"watch",5,0.66,0.66
"1296",10,"watch",6,0.7,0.7
"1297",10,"watch",7,0.36,0.36
"1298",10,"watch",8,0.3,0.3
"1299",10,"watch",9,0.21,0.21
"1300",10,"watch",10,0.12,0.12
"1301",10,"watch",11,0.12,0.12
"1302",10,"watch",12,0.09,0.09
"1303",10,"watch",13,0.06,0.06
"1304",10,"watch",14,0.05,0.05
"1305",10,"watch",15,0.05,0.05
"1306",10,"joke",1,1,1
"1307",10,"joke",2,1,1
"1308",10,"joke",3,1,1
"1309",10,"joke",4,1,1
"1310",10,"joke",5,1,1
"1311",10,"joke",6,1,1
"1312",10,"joke",7,1,1
"1313",10,"joke",8,1,1
"1314",10,"joke",9,1,1
"1315",10,"joke",10,1,1
"1316",10,"joke",11,1,1
"1317",10,"joke",12,1,1
"1318",10,"joke",13,1,1
"1319",10,"joke",14,1,1
"1320",10,"joke",15,0.74,0.74
"1321",11,"coffee",1,0.75,0.755102040816326
"1322",11,"coffee",2,0.71,0.714285714285714
"1323",11,"coffee",3,0.71,0.714285714285714
"1324",11,"coffee",4,0.74,0.744897959183674
"1325",11,"coffee",5,0.57,0.571428571428571
"1326",11,"coffee",6,0.53,0.530612244897959
"1327",11,"coffee",7,0.35,0.346938775510204
"1328",11,"coffee",8,0.34,0.336734693877551
"1329",11,"coffee",9,0.4,0.397959183673469
"1330",11,"coffee",10,0.39,0.387755102040816
"1331",11,"coffee",11,0.26,0.255102040816327
"1332",11,"coffee",12,0.02,0.0102040816326531
"1333",11,"coffee",13,0.03,0.0204081632653061
"1334",11,"coffee",14,0.02,0.0102040816326531
"1335",11,"coffee",15,0.02,0.0102040816326531
"1336",11,"commute",1,0.71,0.714285714285714
"1337",11,"commute",2,0.91,0.918367346938776
"1338",11,"commute",3,0.91,0.918367346938776
"1339",11,"commute",4,0.68,0.683673469387755
"1340",11,"commute",5,0.69,0.693877551020408
"1341",11,"commute",6,0.5,0.5
"1342",11,"commute",7,0.32,0.316326530612245
"1343",11,"commute",8,0.36,0.357142857142857
"1344",11,"commute",9,0.36,0.357142857142857
"1345",11,"commute",10,0.36,0.357142857142857
"1346",11,"commute",11,0.29,0.285714285714286
"1347",11,"commute",12,0.29,0.285714285714286
"1348",11,"commute",13,0.04,0.0306122448979592
"1349",11,"commute",14,0.02,0.0102040816326531
"1350",11,"commute",15,0.02,0.0102040816326531
"1351",11,"laptop",1,0.27,0.26530612244898
"1352",11,"laptop",2,0.74,0.744897959183674
"1353",11,"laptop",3,0.74,0.744897959183674
"1354",11,"laptop",4,0.74,0.744897959183674
"1355",11,"laptop",5,0.72,0.724489795918367
"1356",11,"laptop",6,0.75,0.755102040816326
"1357",11,"laptop",7,0.76,0.76530612244898
"1358",11,"laptop",8,0.72,0.724489795918367
"1359",11,"laptop",9,0.48,0.479591836734694
"1360",11,"laptop",10,0.35,0.346938775510204
"1361",11,"laptop",11,0.31,0.306122448979592
"1362",11,"laptop",12,0.31,0.306122448979592
"1363",11,"laptop",13,0.33,0.326530612244898
"1364",11,"laptop",14,0.35,0.346938775510204
"1365",11,"laptop",15,0.01,0
"1366",11,"joke",1,0.02,0.0102040816326531
"1367",11,"joke",2,0.72,0.724489795918367
"1368",11,"joke",3,0.72,0.724489795918367
"1369",11,"joke",4,0.71,0.714285714285714
"1370",11,"joke",5,0.73,0.73469387755102
"1371",11,"joke",6,0.73,0.73469387755102
"1372",11,"joke",7,0.73,0.73469387755102
"1373",11,"joke",8,0.74,0.744897959183674
"1374",11,"joke",9,0.77,0.775510204081633
"1375",11,"joke",10,0.5,0.5
"1376",11,"joke",11,0.49,0.489795918367347
"1377",11,"joke",12,0.49,0.489795918367347
"1378",11,"joke",13,0.49,0.489795918367347
"1379",11,"joke",14,0.46,0.459183673469388
"1380",11,"joke",15,0.49,0.489795918367347
"1381",11,"movies",1,0.29,0.285714285714286
"1382",11,"movies",2,0.34,0.336734693877551
"1383",11,"movies",3,0.3,0.295918367346939
"1384",11,"movies",4,0.37,0.36734693877551
"1385",11,"movies",5,0.59,0.591836734693878
"1386",11,"movies",6,0.74,0.744897959183674
"1387",11,"movies",7,0.71,0.714285714285714
"1388",11,"movies",8,0.72,0.724489795918367
"1389",11,"movies",9,0.75,0.755102040816326
"1390",11,"movies",10,0.7,0.704081632653061
"1391",11,"movies",11,0.54,0.540816326530612
"1392",11,"movies",12,0.27,0.26530612244898
"1393",11,"movies",13,0.25,0.244897959183673
"1394",11,"movies",14,0.31,0.306122448979592
"1395",11,"movies",15,0.02,0.0102040816326531
"1396",11,"tv",1,0.29,0.285714285714286
"1397",11,"tv",2,0.51,0.510204081632653
"1398",11,"tv",3,0.97,0.979591836734694
"1399",11,"tv",4,0.97,0.979591836734694
"1400",11,"tv",5,0.99,1
"1401",11,"tv",6,0.99,1
"1402",11,"tv",7,0.99,1
"1403",11,"tv",8,0.67,0.673469387755102
"1404",11,"tv",9,0.71,0.714285714285714
"1405",11,"tv",10,0.73,0.73469387755102
"1406",11,"tv",11,0.72,0.724489795918367
"1407",11,"tv",12,0.33,0.326530612244898
"1408",11,"tv",13,0.28,0.275510204081633
"1409",11,"tv",14,0.32,0.316326530612245
"1410",11,"tv",15,0.3,0.295918367346939
"1411",11,"watch",1,0.97,0.979591836734694
"1412",11,"watch",2,0.96,0.969387755102041
"1413",11,"watch",3,0.98,0.989795918367347
"1414",11,"watch",4,0.97,0.979591836734694
"1415",11,"watch",5,0.77,0.775510204081633
"1416",11,"watch",6,0.78,0.785714285714286
"1417",11,"watch",7,0.79,0.795918367346939
"1418",11,"watch",8,0.82,0.826530612244898
"1419",11,"watch",9,0.72,0.724489795918367
"1420",11,"watch",10,0.67,0.673469387755102
"1421",11,"watch",11,0.31,0.306122448979592
"1422",11,"watch",12,0.3,0.295918367346939
"1423",11,"watch",13,0.3,0.295918367346939
"1424",11,"watch",14,0.32,0.316326530612245
"1425",11,"watch",15,0.34,0.336734693877551
"1426",11,"marbles",1,0.03,0.0204081632653061
"1427",11,"marbles",2,0.74,0.744897959183674
"1428",11,"marbles",3,0.73,0.73469387755102
"1429",11,"marbles",4,0.72,0.724489795918367
"1430",11,"marbles",5,0.71,0.714285714285714
"1431",11,"marbles",6,0.73,0.73469387755102
"1432",11,"marbles",7,0.72,0.724489795918367
"1433",11,"marbles",8,0.7,0.704081632653061
"1434",11,"marbles",9,0.72,0.724489795918367
"1435",11,"marbles",10,0.73,0.73469387755102
"1436",11,"marbles",11,0.75,0.755102040816326
"1437",11,"marbles",12,0.72,0.724489795918367
"1438",11,"marbles",13,0.74,0.744897959183674
"1439",11,"marbles",14,0.73,0.73469387755102
"1440",11,"marbles",15,0.72,0.724489795918367
"1441",12,"joke",1,0.2,0.206185567010309
"1442",12,"joke",2,0.24,0.247422680412371
"1443",12,"joke",3,0.38,0.391752577319588
"1444",12,"joke",4,0.53,0.54639175257732
"1445",12,"joke",5,0.63,0.649484536082474
"1446",12,"joke",6,0.71,0.731958762886598
"1447",12,"joke",7,0.75,0.77319587628866
"1448",12,"joke",8,0.76,0.783505154639175
"1449",12,"joke",9,0.78,0.804123711340206
"1450",12,"joke",10,0.8,0.824742268041237
"1451",12,"joke",11,0.86,0.88659793814433
"1452",12,"joke",12,0.84,0.865979381443299
"1453",12,"joke",13,0.82,0.845360824742268
"1454",12,"joke",14,0.82,0.845360824742268
"1455",12,"joke",15,0.77,0.793814432989691
"1456",12,"watch",1,0.56,0.577319587628866
"1457",12,"watch",2,0.63,0.649484536082474
"1458",12,"watch",3,0.66,0.680412371134021
"1459",12,"watch",4,0.33,0.34020618556701
"1460",12,"watch",5,0.23,0.237113402061856
"1461",12,"watch",6,0.35,0.360824742268041
"1462",12,"watch",7,0.19,0.195876288659794
"1463",12,"watch",8,0.11,0.11340206185567
"1464",12,"watch",9,0.03,0.0309278350515464
"1465",12,"watch",10,0.02,0.0206185567010309
"1466",12,"watch",11,0.04,0.0412371134020619
"1467",12,"watch",12,0.03,0.0309278350515464
"1468",12,"watch",13,0.03,0.0309278350515464
"1469",12,"watch",14,0.04,0.0412371134020619
"1470",12,"watch",15,0.05,0.0515463917525773
"1471",12,"marbles",1,0.97,1
"1472",12,"marbles",2,0.86,0.88659793814433
"1473",12,"marbles",3,0.79,0.814432989690722
"1474",12,"marbles",4,0.68,0.701030927835052
"1475",12,"marbles",5,0.55,0.567010309278351
"1476",12,"marbles",6,0.48,0.494845360824742
"1477",12,"marbles",7,0.39,0.402061855670103
"1478",12,"marbles",8,0.41,0.422680412371134
"1479",12,"marbles",9,0.49,0.505154639175258
"1480",12,"marbles",10,0.54,0.556701030927835
"1481",12,"marbles",11,0.61,0.628865979381443
"1482",12,"marbles",12,0.68,0.701030927835052
"1483",12,"marbles",13,0.74,0.762886597938144
"1484",12,"marbles",14,0.8,0.824742268041237
"1485",12,"marbles",15,0.9,0.927835051546392
"1486",12,"laptop",1,0.28,0.288659793814433
"1487",12,"laptop",2,0.3,0.309278350515464
"1488",12,"laptop",3,0.4,0.412371134020619
"1489",12,"laptop",4,0.52,0.536082474226804
"1490",12,"laptop",5,0.64,0.65979381443299
"1491",12,"laptop",6,0.62,0.639175257731959
"1492",12,"laptop",7,0.56,0.577319587628866
"1493",12,"laptop",8,0.49,0.505154639175258
"1494",12,"laptop",9,0.33,0.34020618556701
"1495",12,"laptop",10,0.16,0.164948453608247
"1496",12,"laptop",11,0.13,0.134020618556701
"1497",12,"laptop",12,0.06,0.0618556701030928
"1498",12,"laptop",13,0.01,0.0103092783505155
"1499",12,"laptop",14,0.02,0.0206185567010309
"1500",12,"laptop",15,0,0
"1501",12,"movies",1,0.02,0.0206185567010309
"1502",12,"movies",2,0.03,0.0309278350515464
"1503",12,"movies",3,0.03,0.0309278350515464
"1504",12,"movies",4,0.1,0.103092783505155
"1505",12,"movies",5,0.23,0.237113402061856
"1506",12,"movies",6,0.61,0.628865979381443
"1507",12,"movies",7,0.72,0.742268041237113
"1508",12,"movies",8,0.64,0.65979381443299
"1509",12,"movies",9,0.5,0.515463917525773
"1510",12,"movies",10,0.32,0.329896907216495
"1511",12,"movies",11,0.33,0.34020618556701
"1512",12,"movies",12,0.14,0.144329896907217
"1513",12,"movies",13,0.04,0.0412371134020619
"1514",12,"movies",14,0.06,0.0618556701030928
"1515",12,"movies",15,0.03,0.0309278350515464
"1516",12,"coffee",1,0.02,0.0206185567010309
"1517",12,"coffee",2,0.04,0.0412371134020619
"1518",12,"coffee",3,0.15,0.154639175257732
"1519",12,"coffee",4,0.28,0.288659793814433
"1520",12,"coffee",5,0.39,0.402061855670103
"1521",12,"coffee",6,0.67,0.690721649484536
"1522",12,"coffee",7,0.73,0.752577319587629
"1523",12,"coffee",8,0.8,0.824742268041237
"1524",12,"coffee",9,0.51,0.525773195876289
"1525",12,"coffee",10,0.24,0.247422680412371
"1526",12,"coffee",11,0.14,0.144329896907217
"1527",12,"coffee",12,0.05,0.0515463917525773
"1528",12,"coffee",13,0,0
"1529",12,"coffee",14,0.02,0.0206185567010309
"1530",12,"coffee",15,0.02,0.0206185567010309
"1531",12,"tv",1,0.81,0.835051546391753
"1532",12,"tv",2,0.71,0.731958762886598
"1533",12,"tv",3,0.62,0.639175257731959
"1534",12,"tv",4,0.52,0.536082474226804
"1535",12,"tv",5,0.42,0.43298969072165
"1536",12,"tv",6,0.5,0.515463917525773
"1537",12,"tv",7,0.4,0.412371134020619
"1538",12,"tv",8,0.26,0.268041237113402
"1539",12,"tv",9,0.16,0.164948453608247
"1540",12,"tv",10,0.03,0.0309278350515464
"1541",12,"tv",11,0.01,0.0103092783505155
"1542",12,"tv",12,0.01,0.0103092783505155
"1543",12,"tv",13,0,0
"1544",12,"tv",14,0.01,0.0103092783505155
"1545",12,"tv",15,0.01,0.0103092783505155
"1546",12,"commute",1,0.14,0.144329896907217
"1547",12,"commute",2,0.24,0.247422680412371
"1548",12,"commute",3,0.42,0.43298969072165
"1549",12,"commute",4,0.57,0.587628865979381
"1550",12,"commute",5,0.43,0.443298969072165
"1551",12,"commute",6,0.49,0.505154639175258
"1552",12,"commute",7,0.32,0.329896907216495
"1553",12,"commute",8,0.17,0.175257731958763
"1554",12,"commute",9,0.08,0.0824742268041237
"1555",12,"commute",10,0.04,0.0412371134020619
"1556",12,"commute",11,0.05,0.0515463917525773
"1557",12,"commute",12,0.07,0.0721649484536083
"1558",12,"commute",13,0.04,0.0412371134020619
"1559",12,"commute",14,0.04,0.0412371134020619
"1560",12,"commute",15,0.08,0.0824742268041237
"1561",13,"laptop",1,1,1
"1562",13,"laptop",2,0.76,0.76
"1563",13,"laptop",3,0.77,0.77
"1564",13,"laptop",4,0.69,0.69
"1565",13,"laptop",5,0.56,0.56
"1566",13,"laptop",6,0.56,0.56
"1567",13,"laptop",7,0.56,0.56
"1568",13,"laptop",8,0.41,0.41
"1569",13,"laptop",9,0.44,0.44
"1570",13,"laptop",10,0.02,0.02
"1571",13,"laptop",11,0.03,0.03
"1572",13,"laptop",12,0.01,0.01
"1573",13,"laptop",13,0.01,0.01
"1574",13,"laptop",14,0,0
"1575",13,"laptop",15,0.01,0.01
"1576",13,"watch",1,0.75,0.75
"1577",13,"watch",2,0.79,0.79
"1578",13,"watch",3,0.83,0.83
"1579",13,"watch",4,0.82,0.82
"1580",13,"watch",5,0.86,0.86
"1581",13,"watch",6,0.77,0.77
"1582",13,"watch",7,0.77,0.77
"1583",13,"watch",8,0.74,0.74
"1584",13,"watch",9,0.72,0.72
"1585",13,"watch",10,0.71,0.71
"1586",13,"watch",11,0.75,0.75
"1587",13,"watch",12,0.79,0.79
"1588",13,"watch",13,0.61,0.61
"1589",13,"watch",14,0.65,0.65
"1590",13,"watch",15,0.72,0.72
"1591",13,"marbles",1,0.01,0.01
"1592",13,"marbles",2,0.99,0.99
"1593",13,"marbles",3,0.98,0.98
"1594",13,"marbles",4,0.99,0.99
"1595",13,"marbles",5,0.96,0.96
"1596",13,"marbles",6,0.99,0.99
"1597",13,"marbles",7,0.81,0.81
"1598",13,"marbles",8,0.82,0.82
"1599",13,"marbles",9,0.78,0.78
"1600",13,"marbles",10,0.83,0.83
"1601",13,"marbles",11,0.81,0.81
"1602",13,"marbles",12,0.81,0.81
"1603",13,"marbles",13,0.81,0.81
"1604",13,"marbles",14,0.8,0.8
"1605",13,"marbles",15,0.82,0.82
"1606",13,"commute",1,0.64,0.64
"1607",13,"commute",2,0.64,0.64
"1608",13,"commute",3,0.64,0.64
"1609",13,"commute",4,0.64,0.64
"1610",13,"commute",5,0.68,0.68
"1611",13,"commute",6,0.72,0.72
"1612",13,"commute",7,0.77,0.77
"1613",13,"commute",8,0.77,0.77
"1614",13,"commute",9,0.75,0.75
"1615",13,"commute",10,0.77,0.77
"1616",13,"commute",11,0.62,0.62
"1617",13,"commute",12,0.63,0.63
"1618",13,"commute",13,0.62,0.62
"1619",13,"commute",14,0.7,0.7
"1620",13,"commute",15,0.59,0.59
"1621",13,"tv",1,0.74,0.74
"1622",13,"tv",2,0.82,0.82
"1623",13,"tv",3,0.8,0.8
"1624",13,"tv",4,0.78,0.78
"1625",13,"tv",5,0.79,0.79
"1626",13,"tv",6,0.75,0.75
"1627",13,"tv",7,0.72,0.72
"1628",13,"tv",8,0.74,0.74
"1629",13,"tv",9,0.74,0.74
"1630",13,"tv",10,0.59,0.59
"1631",13,"tv",11,0.54,0.54
"1632",13,"tv",12,0.52,0.52
"1633",13,"tv",13,0.46,0.46
"1634",13,"tv",14,0.4,0.4
"1635",13,"tv",15,0.17,0.17
"1636",13,"coffee",1,0.36,0.36
"1637",13,"coffee",2,0.38,0.38
"1638",13,"coffee",3,0.41,0.41
"1639",13,"coffee",4,0.52,0.52
"1640",13,"coffee",5,0.62,0.62
"1641",13,"coffee",6,0.71,0.71
"1642",13,"coffee",7,0.34,0.34
"1643",13,"coffee",8,0.35,0.35
"1644",13,"coffee",9,0.38,0.38
"1645",13,"coffee",10,0.32,0.32
"1646",13,"coffee",11,0.04,0.04
"1647",13,"coffee",12,0.02,0.02
"1648",13,"coffee",13,0.02,0.02
"1649",13,"coffee",14,0.01,0.01
"1650",13,"coffee",15,0.03,0.03
"1651",13,"movies",1,0.02,0.02
"1652",13,"movies",2,0.1,0.1
"1653",13,"movies",3,0.32,0.32
"1654",13,"movies",4,0.73,0.73
"1655",13,"movies",5,0.71,0.71
"1656",13,"movies",6,0.73,0.73
"1657",13,"movies",7,0.76,0.76
"1658",13,"movies",8,0.96,0.96
"1659",13,"movies",9,0.98,0.98
"1660",13,"movies",10,0.97,0.97
"1661",13,"movies",11,0.88,0.88
"1662",13,"movies",12,0.86,0.86
"1663",13,"movies",13,0.88,0.88
"1664",13,"movies",14,0.86,0.86
"1665",13,"movies",15,0.88,0.88
"1666",13,"joke",1,0.51,0.51
"1667",13,"joke",2,0.95,0.95
"1668",13,"joke",3,0.97,0.97
"1669",13,"joke",4,0.95,0.95
"1670",13,"joke",5,0.97,0.97
"1671",13,"joke",6,0.96,0.96
"1672",13,"joke",7,0.96,0.96
"1673",13,"joke",8,0.8,0.8
"1674",13,"joke",9,0.82,0.82
"1675",13,"joke",10,0.81,0.81
"1676",13,"joke",11,0.81,0.81
"1677",13,"joke",12,0.79,0.79
"1678",13,"joke",13,0.81,0.81
"1679",13,"joke",14,0.78,0.78
"1680",13,"joke",15,0.69,0.69
"1681",14,"coffee",1,0.03,0.0102040816326531
"1682",14,"coffee",2,0.04,0.0204081632653061
"1683",14,"coffee",3,0.02,0
"1684",14,"coffee",4,0.05,0.0306122448979592
"1685",14,"coffee",5,0.29,0.275510204081633
"1686",14,"coffee",6,0.34,0.326530612244898
"1687",14,"coffee",7,0.6,0.591836734693878
"1688",14,"coffee",8,0.75,0.744897959183674
"1689",14,"coffee",9,0.5,0.489795918367347
"1690",14,"coffee",10,0.48,0.469387755102041
"1691",14,"coffee",11,0.51,0.5
"1692",14,"coffee",12,0.19,0.173469387755102
"1693",14,"coffee",13,0.13,0.112244897959184
"1694",14,"coffee",14,0.14,0.122448979591837
"1695",14,"coffee",15,0.14,0.122448979591837
"1696",14,"movies",1,0.06,0.0408163265306122
"1697",14,"movies",2,0.04,0.0204081632653061
"1698",14,"movies",3,0.05,0.0306122448979592
"1699",14,"movies",4,0.07,0.0510204081632653
"1700",14,"movies",5,0.23,0.214285714285714
"1701",14,"movies",6,0.59,0.581632653061224
"1702",14,"movies",7,0.75,0.744897959183674
"1703",14,"movies",8,0.84,0.836734693877551
"1704",14,"movies",9,0.68,0.673469387755102
"1705",14,"movies",10,0.39,0.377551020408163
"1706",14,"movies",11,0.23,0.214285714285714
"1707",14,"movies",12,0.19,0.173469387755102
"1708",14,"movies",13,0.16,0.142857142857143
"1709",14,"movies",14,0.07,0.0510204081632653
"1710",14,"movies",15,0.07,0.0510204081632653
"1711",14,"tv",1,0.89,0.887755102040816
"1712",14,"tv",2,0.89,0.887755102040816
"1713",14,"tv",3,0.89,0.887755102040816
"1714",14,"tv",4,0.77,0.76530612244898
"1715",14,"tv",5,0.74,0.73469387755102
"1716",14,"tv",6,0.64,0.63265306122449
"1717",14,"tv",7,0.78,0.775510204081633
"1718",14,"tv",8,0.77,0.76530612244898
"1719",14,"tv",9,0.77,0.76530612244898
"1720",14,"tv",10,0.61,0.602040816326531
"1721",14,"tv",11,0.56,0.551020408163265
"1722",14,"tv",12,0.51,0.5
"1723",14,"tv",13,0.33,0.316326530612245
"1724",14,"tv",14,0.36,0.346938775510204
"1725",14,"tv",15,0.23,0.214285714285714
"1726",14,"commute",1,0.91,0.908163265306122
"1727",14,"commute",2,0.9,0.897959183673469
"1728",14,"commute",3,0.77,0.76530612244898
"1729",14,"commute",4,0.75,0.744897959183674
"1730",14,"commute",5,0.61,0.602040816326531
"1731",14,"commute",6,0.25,0.23469387755102
"1732",14,"commute",7,0.25,0.23469387755102
"1733",14,"commute",8,0.25,0.23469387755102
"1734",14,"commute",9,0.15,0.13265306122449
"1735",14,"commute",10,0.19,0.173469387755102
"1736",14,"commute",11,0.19,0.173469387755102
"1737",14,"commute",12,0.1,0.0816326530612245
"1738",14,"commute",13,0.06,0.0408163265306122
"1739",14,"commute",14,0.07,0.0510204081632653
"1740",14,"commute",15,0.05,0.0306122448979592
"1741",14,"laptop",1,0.5,0.489795918367347
"1742",14,"laptop",2,0.76,0.755102040816326
"1743",14,"laptop",3,0.75,0.744897959183674
"1744",14,"laptop",4,0.83,0.826530612244898
"1745",14,"laptop",5,0.66,0.653061224489796
"1746",14,"laptop",6,0.54,0.530612244897959
"1747",14,"laptop",7,0.28,0.26530612244898
"1748",14,"laptop",8,0.19,0.173469387755102
"1749",14,"laptop",9,0.15,0.13265306122449
"1750",14,"laptop",10,0.14,0.122448979591837
"1751",14,"laptop",11,0.19,0.173469387755102
"1752",14,"laptop",12,0.07,0.0510204081632653
"1753",14,"laptop",13,0.06,0.0408163265306122
"1754",14,"laptop",14,0.08,0.0612244897959184
"1755",14,"laptop",15,0.03,0.0102040816326531
"1756",14,"watch",1,0.72,0.714285714285714
"1757",14,"watch",2,0.85,0.846938775510204
"1758",14,"watch",3,0.88,0.877551020408163
"1759",14,"watch",4,0.72,0.714285714285714
"1760",14,"watch",5,0.61,0.602040816326531
"1761",14,"watch",6,0.56,0.551020408163265
"1762",14,"watch",7,0.52,0.510204081632653
"1763",14,"watch",8,0.37,0.357142857142857
"1764",14,"watch",9,0.33,0.316326530612245
"1765",14,"watch",10,0.32,0.306122448979592
"1766",14,"watch",11,0.31,0.295918367346939
"1767",14,"watch",12,0.3,0.285714285714286
"1768",14,"watch",13,0.3,0.285714285714286
"1769",14,"watch",14,0.28,0.26530612244898
"1770",14,"watch",15,0.19,0.173469387755102
"1771",14,"marbles",1,0.04,0.0204081632653061
"1772",14,"marbles",2,0.96,0.959183673469388
"1773",14,"marbles",3,1,1
"1774",14,"marbles",4,0.97,0.969387755102041
"1775",14,"marbles",5,0.98,0.979591836734694
"1776",14,"marbles",6,1,1
"1777",14,"marbles",7,0.99,0.989795918367347
"1778",14,"marbles",8,1,1
"1779",14,"marbles",9,0.99,0.989795918367347
"1780",14,"marbles",10,0.96,0.959183673469388
"1781",14,"marbles",11,0.96,0.959183673469388
"1782",14,"marbles",12,1,1
"1783",14,"marbles",13,0.99,0.989795918367347
"1784",14,"marbles",14,0.98,0.979591836734694
"1785",14,"marbles",15,0.99,0.989795918367347
"1786",14,"joke",1,0.05,0.0306122448979592
"1787",14,"joke",2,0.5,0.489795918367347
"1788",14,"joke",3,0.97,0.969387755102041
"1789",14,"joke",4,0.97,0.969387755102041
"1790",14,"joke",5,0.97,0.969387755102041
"1791",14,"joke",6,0.97,0.969387755102041
"1792",14,"joke",7,0.97,0.969387755102041
"1793",14,"joke",8,0.97,0.969387755102041
"1794",14,"joke",9,0.98,0.979591836734694
"1795",14,"joke",10,0.9,0.897959183673469
"1796",14,"joke",11,0.8,0.795918367346939
"1797",14,"joke",12,0.72,0.714285714285714
"1798",14,"joke",13,0.57,0.561224489795918
"1799",14,"joke",14,0.51,0.5
"1800",14,"joke",15,0.21,0.193877551020408
"1801",15,"movies",1,0,0
"1802",15,"movies",2,0,0
"1803",15,"movies",3,0,0
"1804",15,"movies",4,0,0
"1805",15,"movies",5,0.1,0.1
"1806",15,"movies",6,0.79,0.79
"1807",15,"movies",7,0.89,0.89
"1808",15,"movies",8,0.95,0.95
"1809",15,"movies",9,0.87,0.87
"1810",15,"movies",10,0.82,0.82
"1811",15,"movies",11,0.76,0.76
"1812",15,"movies",12,0.33,0.33
"1813",15,"movies",13,0,0
"1814",15,"movies",14,0,0
"1815",15,"movies",15,0,0
"1816",15,"tv",1,0.55,0.55
"1817",15,"tv",2,0.63,0.63
"1818",15,"tv",3,0.84,0.84
"1819",15,"tv",4,0.89,0.89
"1820",15,"tv",5,0.92,0.92
"1821",15,"tv",6,0.75,0.75
"1822",15,"tv",7,0.54,0.54
"1823",15,"tv",8,0.27,0.27
"1824",15,"tv",9,0.08,0.08
"1825",15,"tv",10,0.05,0.05
"1826",15,"tv",11,0.06,0.06
"1827",15,"tv",12,0,0
"1828",15,"tv",13,0,0
"1829",15,"tv",14,0,0
"1830",15,"tv",15,0,0
"1831",15,"watch",1,0.85,0.85
"1832",15,"watch",2,0.9,0.9
"1833",15,"watch",3,0.93,0.93
"1834",15,"watch",4,0.91,0.91
"1835",15,"watch",5,0.93,0.93
"1836",15,"watch",6,0.91,0.91
"1837",15,"watch",7,0.91,0.91
"1838",15,"watch",8,0.89,0.89
"1839",15,"watch",9,0.89,0.89
"1840",15,"watch",10,0.94,0.94
"1841",15,"watch",11,0.82,0.82
"1842",15,"watch",12,0.7,0.7
"1843",15,"watch",13,0.41,0.41
"1844",15,"watch",14,0.32,0.32
"1845",15,"watch",15,0.14,0.14
"1846",15,"laptop",1,0.31,0.31
"1847",15,"laptop",2,0.83,0.83
"1848",15,"laptop",3,0.92,0.92
"1849",15,"laptop",4,0.91,0.91
"1850",15,"laptop",5,0.73,0.73
"1851",15,"laptop",6,0.69,0.69
"1852",15,"laptop",7,0.53,0.53
"1853",15,"laptop",8,0.26,0.26
"1854",15,"laptop",9,0.08,0.08
"1855",15,"laptop",10,0.05,0.05
"1856",15,"laptop",11,0.05,0.05
"1857",15,"laptop",12,0,0
"1858",15,"laptop",13,0,0
"1859",15,"laptop",14,0,0
"1860",15,"laptop",15,0,0
"1861",15,"coffee",1,0.13,0.13
"1862",15,"coffee",2,0.13,0.13
"1863",15,"coffee",3,0.18,0.18
"1864",15,"coffee",4,0.21,0.21
"1865",15,"coffee",5,0.46,0.46
"1866",15,"coffee",6,0.77,0.77
"1867",15,"coffee",7,0.09,0.09
"1868",15,"coffee",8,0.03,0.03
"1869",15,"coffee",9,0.01,0.01
"1870",15,"coffee",10,0,0
"1871",15,"coffee",11,0,0
"1872",15,"coffee",12,0,0
"1873",15,"coffee",13,0,0
"1874",15,"coffee",14,0,0
"1875",15,"coffee",15,0,0
"1876",15,"joke",1,0.24,0.24
"1877",15,"joke",2,0.3,0.3
"1878",15,"joke",3,0.4,0.4
"1879",15,"joke",4,0.54,0.54
"1880",15,"joke",5,0.64,0.64
"1881",15,"joke",6,0.76,0.76
"1882",15,"joke",7,0.84,0.84
"1883",15,"joke",8,0.86,0.86
"1884",15,"joke",9,0.8,0.8
"1885",15,"joke",10,0.67,0.67
"1886",15,"joke",11,0.58,0.58
"1887",15,"joke",12,0.45,0.45
"1888",15,"joke",13,0.29,0.29
"1889",15,"joke",14,0.18,0.18
"1890",15,"joke",15,0.09,0.09
"1891",15,"commute",1,0.18,0.18
"1892",15,"commute",2,0.4,0.4
"1893",15,"commute",3,0.57,0.57
"1894",15,"commute",4,0.68,0.68
"1895",15,"commute",5,0.86,0.86
"1896",15,"commute",6,0.87,0.87
"1897",15,"commute",7,0.75,0.75
"1898",15,"commute",8,0.6,0.6
"1899",15,"commute",9,0.44,0.44
"1900",15,"commute",10,0.21,0.21
"1901",15,"commute",11,0.13,0.13
"1902",15,"commute",12,0.07,0.07
"1903",15,"commute",13,0.05,0.05
"1904",15,"commute",14,0.05,0.05
"1905",15,"commute",15,0.06,0.06
"1906",15,"marbles",1,1,1
"1907",15,"marbles",2,0.88,0.88
"1908",15,"marbles",3,0.82,0.82
"1909",15,"marbles",4,0.64,0.64
"1910",15,"marbles",5,0.48,0.48
"1911",15,"marbles",6,0.34,0.34
"1912",15,"marbles",7,0.15,0.15
"1913",15,"marbles",8,0.08,0.08
"1914",15,"marbles",9,0.06,0.06
"1915",15,"marbles",10,0.04,0.04
"1916",15,"marbles",11,0.04,0.04
"1917",15,"marbles",12,0,0
"1918",15,"marbles",13,0,0
"1919",15,"marbles",14,0,0
"1920",15,"marbles",15,0,0
"1921",16,"marbles",1,0.19,0.19
"1922",16,"marbles",2,0.21,0.21
"1923",16,"marbles",3,0.15,0.15
"1924",16,"marbles",4,0.22,0.22
"1925",16,"marbles",5,0.32,0.32
"1926",16,"marbles",6,0.28,0.28
"1927",16,"marbles",7,0.38,0.38
"1928",16,"marbles",8,0.33,0.33
"1929",16,"marbles",9,0.42,0.42
"1930",16,"marbles",10,0.41,0.41
"1931",16,"marbles",11,0.51,0.51
"1932",16,"marbles",12,0.53,0.53
"1933",16,"marbles",13,0.64,0.64
"1934",16,"marbles",14,0.79,0.79
"1935",16,"marbles",15,0.92,0.92
"1936",16,"commute",1,0.12,0.12
"1937",16,"commute",2,0.35,0.35
"1938",16,"commute",3,0.42,0.42
"1939",16,"commute",4,0.54,0.54
"1940",16,"commute",5,1,1
"1941",16,"commute",6,0.89,0.89
"1942",16,"commute",7,0.78,0.78
"1943",16,"commute",8,0.61,0.61
"1944",16,"commute",9,0.41,0.41
"1945",16,"commute",10,0.32,0.32
"1946",16,"commute",11,0.37,0.37
"1947",16,"commute",12,0.32,0.32
"1948",16,"commute",13,0.06,0.06
"1949",16,"commute",14,0,0
"1950",16,"commute",15,0,0
"1951",16,"watch",1,0.71,0.71
"1952",16,"watch",2,0.57,0.57
"1953",16,"watch",3,0.37,0.37
"1954",16,"watch",4,0.33,0.33
"1955",16,"watch",5,0.36,0.36
"1956",16,"watch",6,0.4,0.4
"1957",16,"watch",7,0.41,0.41
"1958",16,"watch",8,0.33,0.33
"1959",16,"watch",9,0.29,0.29
"1960",16,"watch",10,0.19,0.19
"1961",16,"watch",11,0,0
"1962",16,"watch",12,0,0
"1963",16,"watch",13,0,0
"1964",16,"watch",14,0,0
"1965",16,"watch",15,0,0
"1966",16,"joke",1,0,0
"1967",16,"joke",2,0.2,0.2
"1968",16,"joke",3,0.21,0.21
"1969",16,"joke",4,0.32,0.32
"1970",16,"joke",5,0.38,0.38
"1971",16,"joke",6,0.47,0.47
"1972",16,"joke",7,0.74,0.74
"1973",16,"joke",8,0.73,0.73
"1974",16,"joke",9,0.84,0.84
"1975",16,"joke",10,0.86,0.86
"1976",16,"joke",11,0.58,0.58
"1977",16,"joke",12,0.4,0.4
"1978",16,"joke",13,0.25,0.25
"1979",16,"joke",14,0.14,0.14
"1980",16,"joke",15,0.07,0.07
"1981",16,"tv",1,0.36,0.36
"1982",16,"tv",2,0.46,0.46
"1983",16,"tv",3,0.6,0.6
"1984",16,"tv",4,0.85,0.85
"1985",16,"tv",5,0.95,0.95
"1986",16,"tv",6,0.96,0.96
"1987",16,"tv",7,0.93,0.93
"1988",16,"tv",8,0.79,0.79
"1989",16,"tv",9,0.52,0.52
"1990",16,"tv",10,0.33,0.33
"1991",16,"tv",11,0.13,0.13
"1992",16,"tv",12,0,0
"1993",16,"tv",13,0,0
"1994",16,"tv",14,0,0
"1995",16,"tv",15,0,0
"1996",16,"laptop",1,0,0
"1997",16,"laptop",2,1,1
"1998",16,"laptop",3,1,1
"1999",16,"laptop",4,1,1
"2000",16,"laptop",5,0.53,0.53
"2001",16,"laptop",6,0.15,0.15
"2002",16,"laptop",7,0,0
"2003",16,"laptop",8,0,0
"2004",16,"laptop",9,0,0
"2005",16,"laptop",10,0,0
"2006",16,"laptop",11,0,0
"2007",16,"laptop",12,0,0
"2008",16,"laptop",13,0,0
"2009",16,"laptop",14,0,0
"2010",16,"laptop",15,0,0
"2011",16,"movies",1,0,0
"2012",16,"movies",2,0,0
"2013",16,"movies",3,0,0
"2014",16,"movies",4,0,0
"2015",16,"movies",5,0,0
"2016",16,"movies",6,1,1
"2017",16,"movies",7,1,1
"2018",16,"movies",8,1,1
"2019",16,"movies",9,1,1
"2020",16,"movies",10,0.61,0.61
"2021",16,"movies",11,0.3,0.3
"2022",16,"movies",12,0,0
"2023",16,"movies",13,0,0
"2024",16,"movies",14,0,0
"2025",16,"movies",15,0,0
"2026",16,"coffee",1,0,0
"2027",16,"coffee",2,0,0
"2028",16,"coffee",3,0,0
"2029",16,"coffee",4,0,0
"2030",16,"coffee",5,0,0
"2031",16,"coffee",6,0,0
"2032",16,"coffee",7,0.28,0.28
"2033",16,"coffee",8,0.58,0.58
"2034",16,"coffee",9,1,1
"2035",16,"coffee",10,1,1
"2036",16,"coffee",11,0.59,0.59
"2037",16,"coffee",12,0.3,0.3
"2038",16,"coffee",13,0,0
"2039",16,"coffee",14,0,0
"2040",16,"coffee",15,0,0
"2041",17,"movies",1,0.02,0.0202020202020202
"2042",17,"movies",2,0.03,0.0303030303030303
"2043",17,"movies",3,0.31,0.313131313131313
"2044",17,"movies",4,0.75,0.757575757575758
"2045",17,"movies",5,0.77,0.777777777777778
"2046",17,"movies",6,0.77,0.777777777777778
"2047",17,"movies",7,0.98,0.98989898989899
"2048",17,"movies",8,0.26,0.262626262626263
"2049",17,"movies",9,0.03,0.0303030303030303
"2050",17,"movies",10,0.01,0.0101010101010101
"2051",17,"movies",11,0,0
"2052",17,"movies",12,0.02,0.0202020202020202
"2053",17,"movies",13,0.04,0.0404040404040404
"2054",17,"movies",14,0.04,0.0404040404040404
"2055",17,"movies",15,0.01,0.0101010101010101
"2056",17,"commute",1,0.28,0.282828282828283
"2057",17,"commute",2,0.29,0.292929292929293
"2058",17,"commute",3,0.94,0.94949494949495
"2059",17,"commute",4,0.96,0.96969696969697
"2060",17,"commute",5,0.73,0.737373737373737
"2061",17,"commute",6,0.29,0.292929292929293
"2062",17,"commute",7,0.31,0.313131313131313
"2063",17,"commute",8,0.32,0.323232323232323
"2064",17,"commute",9,0.01,0.0101010101010101
"2065",17,"commute",10,0.03,0.0303030303030303
"2066",17,"commute",11,0.02,0.0202020202020202
"2067",17,"commute",12,0.02,0.0202020202020202
"2068",17,"commute",13,0.04,0.0404040404040404
"2069",17,"commute",14,0.01,0.0101010101010101
"2070",17,"commute",15,0.02,0.0202020202020202
"2071",17,"marbles",1,0.02,0.0202020202020202
"2072",17,"marbles",2,0.27,0.272727272727273
"2073",17,"marbles",3,0.26,0.262626262626263
"2074",17,"marbles",4,0.25,0.252525252525253
"2075",17,"marbles",5,0.26,0.262626262626263
"2076",17,"marbles",6,0.27,0.272727272727273
"2077",17,"marbles",7,0.28,0.282828282828283
"2078",17,"marbles",8,0.28,0.282828282828283
"2079",17,"marbles",9,0.27,0.272727272727273
"2080",17,"marbles",10,0.28,0.282828282828283
"2081",17,"marbles",11,0.27,0.272727272727273
"2082",17,"marbles",12,0.27,0.272727272727273
"2083",17,"marbles",13,0.28,0.282828282828283
"2084",17,"marbles",14,0.28,0.282828282828283
"2085",17,"marbles",15,0.98,0.98989898989899
"2086",17,"laptop",1,0.3,0.303030303030303
"2087",17,"laptop",2,0.34,0.343434343434343
"2088",17,"laptop",3,0.97,0.97979797979798
"2089",17,"laptop",4,0.73,0.737373737373737
"2090",17,"laptop",5,0.73,0.737373737373737
"2091",17,"laptop",6,0.34,0.343434343434343
"2092",17,"laptop",7,0.35,0.353535353535354
"2093",17,"laptop",8,0.32,0.323232323232323
"2094",17,"laptop",9,0.06,0.0606060606060606
"2095",17,"laptop",10,0.04,0.0404040404040404
"2096",17,"laptop",11,0.02,0.0202020202020202
"2097",17,"laptop",12,0.03,0.0303030303030303
"2098",17,"laptop",13,0.02,0.0202020202020202
"2099",17,"laptop",14,0.02,0.0202020202020202
"2100",17,"laptop",15,0.02,0.0202020202020202
"2101",17,"joke",1,0.03,0.0303030303030303
"2102",17,"joke",2,0.31,0.313131313131313
"2103",17,"joke",3,0.32,0.323232323232323
"2104",17,"joke",4,0.3,0.303030303030303
"2105",17,"joke",5,0.3,0.303030303030303
"2106",17,"joke",6,0.29,0.292929292929293
"2107",17,"joke",7,0.3,0.303030303030303
"2108",17,"joke",8,0.67,0.676767676767677
"2109",17,"joke",9,0.67,0.676767676767677
"2110",17,"joke",10,0.7,0.707070707070707
"2111",17,"joke",11,0.72,0.727272727272727
"2112",17,"joke",12,0.74,0.747474747474748
"2113",17,"joke",13,0.78,0.787878787878788
"2114",17,"joke",14,0.77,0.777777777777778
"2115",17,"joke",15,0.78,0.787878787878788
"2116",17,"coffee",1,0.03,0.0303030303030303
"2117",17,"coffee",2,0.04,0.0404040404040404
"2118",17,"coffee",3,0.03,0.0303030303030303
"2119",17,"coffee",4,0.03,0.0303030303030303
"2120",17,"coffee",5,0.7,0.707070707070707
"2121",17,"coffee",6,0.72,0.727272727272727
"2122",17,"coffee",7,0.94,0.94949494949495
"2123",17,"coffee",8,0.94,0.94949494949495
"2124",17,"coffee",9,0.31,0.313131313131313
"2125",17,"coffee",10,0.32,0.323232323232323
"2126",17,"coffee",11,0.27,0.272727272727273
"2127",17,"coffee",12,0.34,0.343434343434343
"2128",17,"coffee",13,0.33,0.333333333333333
"2129",17,"coffee",14,0.03,0.0303030303030303
"2130",17,"coffee",15,0.02,0.0202020202020202
"2131",17,"tv",1,0.03,0.0303030303030303
"2132",17,"tv",2,0.27,0.272727272727273
"2133",17,"tv",3,0.31,0.313131313131313
"2134",17,"tv",4,0.75,0.757575757575758
"2135",17,"tv",5,0.77,0.777777777777778
"2136",17,"tv",6,0.98,0.98989898989899
"2137",17,"tv",7,0.73,0.737373737373737
"2138",17,"tv",8,0.25,0.252525252525253
"2139",17,"tv",9,0.28,0.282828282828283
"2140",17,"tv",10,0.25,0.252525252525253
"2141",17,"tv",11,0.04,0.0404040404040404
"2142",17,"tv",12,0.03,0.0303030303030303
"2143",17,"tv",13,0.03,0.0303030303030303
"2144",17,"tv",14,0.04,0.0404040404040404
"2145",17,"tv",15,0.02,0.0202020202020202
"2146",17,"watch",1,0.02,0.0202020202020202
"2147",17,"watch",2,0.29,0.292929292929293
"2148",17,"watch",3,0.73,0.737373737373737
"2149",17,"watch",4,0.79,0.797979797979798
"2150",17,"watch",5,0.99,1
"2151",17,"watch",6,0.75,0.757575757575758
"2152",17,"watch",7,0.75,0.757575757575758
"2153",17,"watch",8,0.3,0.303030303030303
"2154",17,"watch",9,0.33,0.333333333333333
"2155",17,"watch",10,0.28,0.282828282828283
"2156",17,"watch",11,0.3,0.303030303030303
"2157",17,"watch",12,0.04,0.0404040404040404
"2158",17,"watch",13,0.03,0.0303030303030303
"2159",17,"watch",14,0.03,0.0303030303030303
"2160",17,"watch",15,0.03,0.0303030303030303
"2161",18,"joke",1,0.31,0.31
"2162",18,"joke",2,1,1
"2163",18,"joke",3,1,1
"2164",18,"joke",4,1,1
"2165",18,"joke",5,1,1
"2166",18,"joke",6,1,1
"2167",18,"joke",7,0.78,0.78
"2168",18,"joke",8,0.77,0.77
"2169",18,"joke",9,0.8,0.8
"2170",18,"joke",10,0.8,0.8
"2171",18,"joke",11,0.8,0.8
"2172",18,"joke",12,0.68,0.68
"2173",18,"joke",13,0.63,0.63
"2174",18,"joke",14,0.59,0.59
"2175",18,"joke",15,0.58,0.58
"2176",18,"marbles",1,0,0
"2177",18,"marbles",2,1,1
"2178",18,"marbles",3,1,1
"2179",18,"marbles",4,1,1
"2180",18,"marbles",5,1,1
"2181",18,"marbles",6,1,1
"2182",18,"marbles",7,1,1
"2183",18,"marbles",8,1,1
"2184",18,"marbles",9,1,1
"2185",18,"marbles",10,1,1
"2186",18,"marbles",11,1,1
"2187",18,"marbles",12,1,1
"2188",18,"marbles",13,1,1
"2189",18,"marbles",14,1,1
"2190",18,"marbles",15,1,1
"2191",18,"movies",1,0,0
"2192",18,"movies",2,0,0
"2193",18,"movies",3,0.14,0.14
"2194",18,"movies",4,0.17,0.17
"2195",18,"movies",5,0.32,0.32
"2196",18,"movies",6,0.98,0.98
"2197",18,"movies",7,1,1
"2198",18,"movies",8,1,1
"2199",18,"movies",9,0.73,0.73
"2200",18,"movies",10,0.78,0.78
"2201",18,"movies",11,0.33,0.33
"2202",18,"movies",12,0.34,0.34
"2203",18,"movies",13,0.21,0.21
"2204",18,"movies",14,0.15,0.15
"2205",18,"movies",15,0.09,0.09
"2206",18,"coffee",1,0.43,0.43
"2207",18,"coffee",2,0.41,0.41
"2208",18,"coffee",3,0.56,0.56
"2209",18,"coffee",4,0.63,0.63
"2210",18,"coffee",5,0.78,0.78
"2211",18,"coffee",6,1,1
"2212",18,"coffee",7,0.89,0.89
"2213",18,"coffee",8,0.67,0.67
"2214",18,"coffee",9,0.39,0.39
"2215",18,"coffee",10,0.15,0.15
"2216",18,"coffee",11,0,0
"2217",18,"coffee",12,0,0
"2218",18,"coffee",13,0,0
"2219",18,"coffee",14,0,0
"2220",18,"coffee",15,0,0
"2221",18,"tv",1,0.53,0.53
"2222",18,"tv",2,0.67,0.67
"2223",18,"tv",3,0.7,0.7
"2224",18,"tv",4,0.8,0.8
"2225",18,"tv",5,0.83,0.83
"2226",18,"tv",6,0.8,0.8
"2227",18,"tv",7,0.8,0.8
"2228",18,"tv",8,0.74,0.74
"2229",18,"tv",9,0.64,0.64
"2230",18,"tv",10,0.58,0.58
"2231",18,"tv",11,0.45,0.45
"2232",18,"tv",12,0.39,0.39
"2233",18,"tv",13,0.39,0.39
"2234",18,"tv",14,0.31,0.31
"2235",18,"tv",15,0.18,0.18
"2236",18,"watch",1,1,1
"2237",18,"watch",2,1,1
"2238",18,"watch",3,0.84,0.84
"2239",18,"watch",4,0.74,0.74
"2240",18,"watch",5,0.64,0.64
"2241",18,"watch",6,0.7,0.7
"2242",18,"watch",7,0.6,0.6
"2243",18,"watch",8,0.45,0.45
"2244",18,"watch",9,0.33,0.33
"2245",18,"watch",10,0.36,0.36
"2246",18,"watch",11,0.26,0.26
"2247",18,"watch",12,0.16,0.16
"2248",18,"watch",13,0.14,0.14
"2249",18,"watch",14,0,0
"2250",18,"watch",15,0,0
"2251",18,"laptop",1,1,1
"2252",18,"laptop",2,0.87,0.87
"2253",18,"laptop",3,0.59,0.59
"2254",18,"laptop",4,0.57,0.57
"2255",18,"laptop",5,0.48,0.48
"2256",18,"laptop",6,0.23,0.23
"2257",18,"laptop",7,0.02,0.02
"2258",18,"laptop",8,0.11,0.11
"2259",18,"laptop",9,0,0
"2260",18,"laptop",10,0,0
"2261",18,"laptop",11,0,0
"2262",18,"laptop",12,0,0
"2263",18,"laptop",13,0,0
"2264",18,"laptop",14,0,0
"2265",18,"laptop",15,0,0
"2266",18,"commute",1,0.63,0.63
"2267",18,"commute",2,0.7,0.7
"2268",18,"commute",3,0.72,0.72
"2269",18,"commute",4,0.75,0.75
"2270",18,"commute",5,0.86,0.86
"2271",18,"commute",6,0.81,0.81
"2272",18,"commute",7,0.68,0.68
"2273",18,"commute",8,0.64,0.64
"2274",18,"commute",9,0.6,0.6
"2275",18,"commute",10,0.53,0.53
"2276",18,"commute",11,0.47,0.47
"2277",18,"commute",12,0.42,0.42
"2278",18,"commute",13,0.31,0.31
"2279",18,"commute",14,0.25,0.25
"2280",18,"commute",15,0,0
"2281",19,"watch",1,0.75,0.736263736263736
"2282",19,"watch",2,0.9,0.901098901098901
"2283",19,"watch",3,0.5,0.461538461538462
"2284",19,"watch",4,0.41,0.362637362637363
"2285",19,"watch",5,0.34,0.285714285714286
"2286",19,"watch",6,0.45,0.406593406593407
"2287",19,"watch",7,0.42,0.373626373626374
"2288",19,"watch",8,0.37,0.318681318681319
"2289",19,"watch",9,0.32,0.263736263736264
"2290",19,"watch",10,0.31,0.252747252747253
"2291",19,"watch",11,0.41,0.362637362637363
"2292",19,"watch",12,0.35,0.296703296703297
"2293",19,"watch",13,0.31,0.252747252747253
"2294",19,"watch",14,0.29,0.230769230769231
"2295",19,"watch",15,0.28,0.21978021978022
"2296",19,"movies",1,0.08,0
"2297",19,"movies",2,0.12,0.0439560439560439
"2298",19,"movies",3,0.14,0.0659340659340659
"2299",19,"movies",4,0.21,0.142857142857143
"2300",19,"movies",5,0.43,0.384615384615385
"2301",19,"movies",6,0.77,0.758241758241758
"2302",19,"movies",7,0.63,0.604395604395604
"2303",19,"movies",8,0.6,0.571428571428571
"2304",19,"movies",9,0.6,0.571428571428571
"2305",19,"movies",10,0.45,0.406593406593407
"2306",19,"movies",11,0.35,0.296703296703297
"2307",19,"movies",12,0.34,0.285714285714286
"2308",19,"movies",13,0.29,0.230769230769231
"2309",19,"movies",14,0.2,0.131868131868132
"2310",19,"movies",15,0.14,0.0659340659340659
"2311",19,"tv",1,0.39,0.340659340659341
"2312",19,"tv",2,0.56,0.527472527472527
"2313",19,"tv",3,0.63,0.604395604395604
"2314",19,"tv",4,0.67,0.648351648351648
"2315",19,"tv",5,0.64,0.615384615384615
"2316",19,"tv",6,0.62,0.593406593406593
"2317",19,"tv",7,0.4,0.351648351648352
"2318",19,"tv",8,0.34,0.285714285714286
"2319",19,"tv",9,0.31,0.252747252747253
"2320",19,"tv",10,0.27,0.208791208791209
"2321",19,"tv",11,0.31,0.252747252747253
"2322",19,"tv",12,0.31,0.252747252747253
"2323",19,"tv",13,0.27,0.208791208791209
"2324",19,"tv",14,0.22,0.153846153846154
"2325",19,"tv",15,0.21,0.142857142857143
"2326",19,"marbles",1,0.08,0
"2327",19,"marbles",2,0.11,0.032967032967033
"2328",19,"marbles",3,0.12,0.0439560439560439
"2329",19,"marbles",4,0.12,0.0439560439560439
"2330",19,"marbles",5,0.12,0.0439560439560439
"2331",19,"marbles",6,0.11,0.032967032967033
"2332",19,"marbles",7,0.12,0.0439560439560439
"2333",19,"marbles",8,0.1,0.021978021978022
"2334",19,"marbles",9,0.11,0.032967032967033
"2335",19,"marbles",10,0.1,0.021978021978022
"2336",19,"marbles",11,0.12,0.0439560439560439
"2337",19,"marbles",12,0.1,0.021978021978022
"2338",19,"marbles",13,0.11,0.032967032967033
"2339",19,"marbles",14,0.1,0.021978021978022
"2340",19,"marbles",15,0.99,1
"2341",19,"commute",1,0.57,0.538461538461538
"2342",19,"commute",2,0.71,0.692307692307692
"2343",19,"commute",3,0.78,0.769230769230769
"2344",19,"commute",4,0.81,0.802197802197802
"2345",19,"commute",5,0.77,0.758241758241758
"2346",19,"commute",6,0.61,0.582417582417582
"2347",19,"commute",7,0.42,0.373626373626374
"2348",19,"commute",8,0.26,0.197802197802198
"2349",19,"commute",9,0.19,0.120879120879121
"2350",19,"commute",10,0.18,0.10989010989011
"2351",19,"commute",11,0.14,0.0659340659340659
"2352",19,"commute",12,0.11,0.032967032967033
"2353",19,"commute",13,0.12,0.0439560439560439
"2354",19,"commute",14,0.11,0.032967032967033
"2355",19,"commute",15,0.09,0.010989010989011
"2356",19,"joke",1,0.53,0.494505494505495
"2357",19,"joke",2,0.45,0.406593406593407
"2358",19,"joke",3,0.37,0.318681318681319
"2359",19,"joke",4,0.32,0.263736263736264
"2360",19,"joke",5,0.28,0.21978021978022
"2361",19,"joke",6,0.28,0.21978021978022
"2362",19,"joke",7,0.27,0.208791208791209
"2363",19,"joke",8,0.31,0.252747252747253
"2364",19,"joke",9,0.36,0.307692307692308
"2365",19,"joke",10,0.42,0.373626373626374
"2366",19,"joke",11,0.48,0.439560439560439
"2367",19,"joke",12,0.89,0.89010989010989
"2368",19,"joke",13,0.88,0.879120879120879
"2369",19,"joke",14,0.91,0.912087912087912
"2370",19,"joke",15,0.94,0.945054945054945
"2371",19,"coffee",1,0.24,0.175824175824176
"2372",19,"coffee",2,0.29,0.230769230769231
"2373",19,"coffee",3,0.32,0.263736263736264
"2374",19,"coffee",4,0.35,0.296703296703297
"2375",19,"coffee",5,0.35,0.296703296703297
"2376",19,"coffee",6,0.73,0.714285714285714
"2377",19,"coffee",7,0.72,0.703296703296703
"2378",19,"coffee",8,0.62,0.593406593406593
"2379",19,"coffee",9,0.37,0.318681318681319
"2380",19,"coffee",10,0.31,0.252747252747253
"2381",19,"coffee",11,0.33,0.274725274725275
"2382",19,"coffee",12,0.21,0.142857142857143
"2383",19,"coffee",13,0.18,0.10989010989011
"2384",19,"coffee",14,0.2,0.131868131868132
"2385",19,"coffee",15,0.16,0.0879120879120879
"2386",19,"laptop",1,0.58,0.549450549450549
"2387",19,"laptop",2,0.71,0.692307692307692
"2388",19,"laptop",3,0.71,0.692307692307692
"2389",19,"laptop",4,0.63,0.604395604395604
"2390",19,"laptop",5,0.54,0.505494505494505
"2391",19,"laptop",6,0.43,0.384615384615385
"2392",19,"laptop",7,0.38,0.32967032967033
"2393",19,"laptop",8,0.33,0.274725274725275
"2394",19,"laptop",9,0.24,0.175824175824176
"2395",19,"laptop",10,0.19,0.120879120879121
"2396",19,"laptop",11,0.25,0.186813186813187
"2397",19,"laptop",12,0.2,0.131868131868132
"2398",19,"laptop",13,0.14,0.0659340659340659
"2399",19,"laptop",14,0.12,0.0439560439560439
"2400",19,"laptop",15,0.1,0.021978021978022
