"workerid","tag","bin_num","response","nresponse"
0,"joke",1,0.01,0.00133155792276964
0,"joke",2,0.26,0.0346205059920107
0,"joke",3,0.28,0.0372836218375499
0,"joke",4,0.27,0.0359520639147803
0,"joke",5,0.3,0.0399467376830892
0,"joke",6,0.3,0.0399467376830892
0,"joke",7,0.47,0.0625832223701731
0,"joke",8,0.51,0.0679094540612517
0,"joke",9,0.54,0.0719041278295606
0,"joke",10,0.57,0.0758988015978695
0,"joke",11,0.71,0.0945406125166445
0,"joke",12,0.75,0.099866844207723
0,"joke",13,0.96,0.127829560585885
0,"joke",14,0.79,0.105193075898802
0,"joke",15,0.79,0.105193075898802
0,"movies",1,0.02,0.00296296296296296
0,"movies",2,0.01,0.00148148148148148
0,"movies",3,0.02,0.00296296296296296
0,"movies",4,0.03,0.00444444444444444
0,"movies",5,0.79,0.117037037037037
0,"movies",6,1,0.148148148148148
0,"movies",7,0.98,0.145185185185185
0,"movies",8,0.97,0.143703703703704
0,"movies",9,0.79,0.117037037037037
0,"movies",10,0.73,0.108148148148148
0,"movies",11,0.49,0.0725925925925926
0,"movies",12,0.2,0.0296296296296296
0,"movies",13,0.22,0.0325925925925926
0,"movies",14,0.24,0.0355555555555556
0,"movies",15,0.26,0.0385185185185185
0,"tv",1,0.71,0.0739583333333333
0,"tv",2,0.75,0.078125
0,"tv",3,0.98,0.102083333333333
0,"tv",4,0.98,0.102083333333333
0,"tv",5,0.96,0.1
0,"tv",6,0.98,0.102083333333333
0,"tv",7,0.74,0.0770833333333333
0,"tv",8,0.73,0.0760416666666667
0,"tv",9,0.73,0.0760416666666667
0,"tv",10,0.55,0.0572916666666667
0,"tv",11,0.55,0.0572916666666667
0,"tv",12,0.25,0.0260416666666667
0,"tv",13,0.23,0.0239583333333333
0,"tv",14,0.23,0.0239583333333333
0,"tv",15,0.23,0.0239583333333333
0,"coffee",1,0.22,0.0250855188141391
0,"coffee",2,0.2,0.0228050171037628
0,"coffee",3,0.21,0.023945267958951
0,"coffee",4,0.21,0.023945267958951
0,"coffee",5,0.45,0.0513112884834664
0,"coffee",6,0.52,0.0592930444697834
0,"coffee",7,1,0.114025085518814
0,"coffee",8,0.99,0.112884834663626
0,"coffee",9,0.63,0.0718358038768529
0,"coffee",10,0.7,0.0798175598631699
0,"coffee",11,0.74,0.0843785632839225
0,"coffee",12,0.72,0.0820980615735462
0,"coffee",13,0.72,0.0820980615735462
0,"coffee",14,0.72,0.0820980615735462
0,"coffee",15,0.74,0.0843785632839225
0,"watch",1,0.53,0.0607798165137615
0,"watch",2,0.7,0.0802752293577982
0,"watch",3,0.73,0.0837155963302752
0,"watch",4,0.72,0.0825688073394495
0,"watch",5,0.74,0.0848623853211009
0,"watch",6,0.51,0.0584862385321101
0,"watch",7,0.52,0.0596330275229358
0,"watch",8,0.54,0.0619266055045872
0,"watch",9,0.55,0.0630733944954128
0,"watch",10,0.58,0.0665137614678899
0,"watch",11,0.51,0.0584862385321101
0,"watch",12,0.5,0.0573394495412844
0,"watch",13,0.51,0.0584862385321101
0,"watch",14,0.53,0.0607798165137615
0,"watch",15,0.55,0.0630733944954128
0,"marbles",1,0.24,0.023976023976024
0,"marbles",2,0.22,0.021978021978022
0,"marbles",3,0.26,0.025974025974026
0,"marbles",4,0.48,0.047952047952048
0,"marbles",5,0.51,0.050949050949051
0,"marbles",6,0.54,0.053946053946054
0,"marbles",7,0.57,0.0569430569430569
0,"marbles",8,0.71,0.0709290709290709
0,"marbles",9,0.77,0.0769230769230769
0,"marbles",10,0.81,0.0809190809190809
0,"marbles",11,0.96,0.0959040959040959
0,"marbles",12,0.98,0.0979020979020979
0,"marbles",13,0.98,0.0979020979020979
0,"marbles",14,0.99,0.0989010989010989
0,"marbles",15,0.99,0.0989010989010989
0,"commute",1,0.01,0.00109170305676856
0,"commute",2,0.04,0.00436681222707424
0,"commute",3,0.52,0.0567685589519651
0,"commute",4,0.52,0.0567685589519651
0,"commute",5,0.81,0.0884279475982533
0,"commute",6,0.95,0.103711790393013
0,"commute",7,0.98,0.106986899563319
0,"commute",8,0.97,0.10589519650655
0,"commute",9,0.97,0.10589519650655
0,"commute",10,0.79,0.0862445414847162
0,"commute",11,0.76,0.0829694323144105
0,"commute",12,0.78,0.0851528384279476
0,"commute",13,0.33,0.0360262008733624
0,"commute",14,0.42,0.0458515283842795
0,"commute",15,0.31,0.0338427947598253
0,"laptop",1,0.74,0.104519774011299
0,"laptop",2,0.99,0.139830508474576
0,"laptop",3,0.98,0.138418079096045
0,"laptop",4,0.77,0.108757062146893
0,"laptop",5,0.65,0.0918079096045198
0,"laptop",6,0.54,0.076271186440678
0,"laptop",7,0.28,0.0395480225988701
0,"laptop",8,0.29,0.0409604519774011
0,"laptop",9,0.32,0.0451977401129944
0,"laptop",10,0.27,0.038135593220339
0,"laptop",11,0.3,0.0423728813559322
0,"laptop",12,0.31,0.0437853107344633
0,"laptop",13,0.3,0.0423728813559322
0,"laptop",14,0.33,0.0466101694915254
0,"laptop",15,0.01,0.00141242937853107
1,"laptop",1,0.67,0.401197604790419
1,"laptop",2,0.76,0.455089820359281
1,"laptop",3,0.22,0.131736526946108
1,"laptop",4,0.02,0.0119760479041916
1,"laptop",5,0,0
1,"laptop",6,0,0
1,"laptop",7,0,0
1,"laptop",8,0,0
1,"laptop",9,0,0
1,"laptop",10,0,0
1,"laptop",11,0,0
1,"laptop",12,0,0
1,"laptop",13,0,0
1,"laptop",14,0,0
1,"laptop",15,0,0
1,"tv",1,0.27,0.0870967741935484
1,"tv",2,0.44,0.141935483870968
1,"tv",3,0.69,0.22258064516129
1,"tv",4,0.54,0.174193548387097
1,"tv",5,0.31,0.1
1,"tv",6,0.31,0.1
1,"tv",7,0.21,0.067741935483871
1,"tv",8,0.12,0.0387096774193548
1,"tv",9,0.03,0.00967741935483871
1,"tv",10,0.01,0.0032258064516129
1,"tv",11,0.13,0.0419354838709677
1,"tv",12,0.04,0.0129032258064516
1,"tv",13,0,0
1,"tv",14,0,0
1,"tv",15,0,0
1,"coffee",1,0,0
1,"coffee",2,0,0
1,"coffee",3,0,0
1,"coffee",4,0,0
1,"coffee",5,0.2,0.0543478260869565
1,"coffee",6,0.22,0.0597826086956522
1,"coffee",7,0.36,0.0978260869565217
1,"coffee",8,0.44,0.119565217391304
1,"coffee",9,0.51,0.138586956521739
1,"coffee",10,0.57,0.154891304347826
1,"coffee",11,0.47,0.127717391304348
1,"coffee",12,0.36,0.0978260869565217
1,"coffee",13,0.3,0.0815217391304348
1,"coffee",14,0.2,0.0543478260869565
1,"coffee",15,0.05,0.0135869565217391
1,"commute",1,0,0
1,"commute",2,0.13,0.0634146341463415
1,"commute",3,0.25,0.121951219512195
1,"commute",4,0.33,0.160975609756098
1,"commute",5,0.3,0.146341463414634
1,"commute",6,0.27,0.131707317073171
1,"commute",7,0.22,0.107317073170732
1,"commute",8,0.18,0.0878048780487805
1,"commute",9,0.13,0.0634146341463415
1,"commute",10,0.03,0.0146341463414634
1,"commute",11,0.08,0.0390243902439024
1,"commute",12,0.08,0.0390243902439024
1,"commute",13,0.03,0.0146341463414634
1,"commute",14,0.02,0.00975609756097561
1,"commute",15,0,0
1,"watch",1,0.29,0.11284046692607
1,"watch",2,0.44,0.171206225680934
1,"watch",3,0.65,0.252918287937743
1,"watch",4,0.39,0.151750972762646
1,"watch",5,0.26,0.101167315175097
1,"watch",6,0.26,0.101167315175097
1,"watch",7,0.2,0.0778210116731518
1,"watch",8,0.08,0.0311284046692607
1,"watch",9,0,0
1,"watch",10,0,0
1,"watch",11,0,0
1,"watch",12,0,0
1,"watch",13,0,0
1,"watch",14,0,0
1,"watch",15,0,0
1,"movies",1,0,0
1,"movies",2,0,0
1,"movies",3,0,0
1,"movies",4,0,0
1,"movies",5,0,0
1,"movies",6,0.36,0.153846153846154
1,"movies",7,0.55,0.235042735042735
1,"movies",8,0.41,0.175213675213675
1,"movies",9,0.29,0.123931623931624
1,"movies",10,0.24,0.102564102564103
1,"movies",11,0.29,0.123931623931624
1,"movies",12,0.2,0.0854700854700855
1,"movies",13,0,0
1,"movies",14,0,0
1,"movies",15,0,0
1,"joke",1,0,0
1,"joke",2,0.04,0.00879120879120879
1,"joke",3,0.08,0.0175824175824176
1,"joke",4,0.26,0.0571428571428571
1,"joke",5,0.4,0.0879120879120879
1,"joke",6,0.47,0.103296703296703
1,"joke",7,0.55,0.120879120879121
1,"joke",8,0.6,0.131868131868132
1,"joke",9,0.73,0.16043956043956
1,"joke",10,0.54,0.118681318681319
1,"joke",11,0.39,0.0857142857142857
1,"joke",12,0.27,0.0593406593406593
1,"joke",13,0.18,0.0395604395604396
1,"joke",14,0,0
1,"joke",15,0.04,0.00879120879120879
1,"marbles",1,0.34,0.183783783783784
1,"marbles",2,0.07,0.0378378378378378
1,"marbles",3,0,0
1,"marbles",4,0.01,0.0054054054054054
1,"marbles",5,0.04,0.0216216216216216
1,"marbles",6,0.08,0.0432432432432432
1,"marbles",7,0,0
1,"marbles",8,0,0
1,"marbles",9,0,0
1,"marbles",10,0,0
1,"marbles",11,0,0
1,"marbles",12,0.1,0.0540540540540541
1,"marbles",13,0.26,0.140540540540541
1,"marbles",14,0.34,0.183783783783784
1,"marbles",15,0.61,0.32972972972973
2,"movies",1,0.02,0.013986013986014
2,"movies",2,0,0
2,"movies",3,0.01,0.00699300699300699
2,"movies",4,0,0
2,"movies",5,0,0
2,"movies",6,0.02,0.013986013986014
2,"movies",7,0.01,0.00699300699300699
2,"movies",8,0.34,0.237762237762238
2,"movies",9,0.3,0.20979020979021
2,"movies",10,0.35,0.244755244755245
2,"movies",11,0.3,0.20979020979021
2,"movies",12,0.02,0.013986013986014
2,"movies",13,0.02,0.013986013986014
2,"movies",14,0.02,0.013986013986014
2,"movies",15,0.02,0.013986013986014
2,"joke",1,0.02,0.00947867298578199
2,"joke",2,0.01,0.004739336492891
2,"joke",3,0.02,0.00947867298578199
2,"joke",4,0.02,0.00947867298578199
2,"joke",5,0,0
2,"joke",6,0.02,0.00947867298578199
2,"joke",7,0.02,0.00947867298578199
2,"joke",8,0.02,0.00947867298578199
2,"joke",9,0.22,0.104265402843602
2,"joke",10,0.42,0.199052132701422
2,"joke",11,0.63,0.298578199052133
2,"joke",12,0.45,0.213270142180095
2,"joke",13,0.24,0.113744075829384
2,"joke",14,0.01,0.004739336492891
2,"joke",15,0.01,0.004739336492891
2,"marbles",1,0.02,0.0178571428571429
2,"marbles",2,0.02,0.0178571428571429
2,"marbles",3,0.02,0.0178571428571429
2,"marbles",4,0.02,0.0178571428571429
2,"marbles",5,0.01,0.00892857142857143
2,"marbles",6,0.01,0.00892857142857143
2,"marbles",7,0.02,0.0178571428571429
2,"marbles",8,0.01,0.00892857142857143
2,"marbles",9,0.01,0.00892857142857143
2,"marbles",10,0.01,0.00892857142857143
2,"marbles",11,0,0
2,"marbles",12,0.01,0.00892857142857143
2,"marbles",13,0.01,0.00892857142857143
2,"marbles",14,0.01,0.00892857142857143
2,"marbles",15,0.94,0.839285714285714
2,"watch",1,0.02,0.0101010101010101
2,"watch",2,0.02,0.0101010101010101
2,"watch",3,0.12,0.0606060606060606
2,"watch",4,0.35,0.176767676767677
2,"watch",5,0.57,0.287878787878788
2,"watch",6,0.53,0.267676767676768
2,"watch",7,0.25,0.126262626262626
2,"watch",8,0.01,0.00505050505050505
2,"watch",9,0.02,0.0101010101010101
2,"watch",10,0.02,0.0101010101010101
2,"watch",11,0.01,0.00505050505050505
2,"watch",12,0.01,0.00505050505050505
2,"watch",13,0.02,0.0101010101010101
2,"watch",14,0.01,0.00505050505050505
2,"watch",15,0.02,0.0101010101010101
2,"commute",1,0.11,0.0607734806629834
2,"commute",2,0.4,0.220994475138122
2,"commute",3,0.6,0.331491712707182
2,"commute",4,0.38,0.209944751381215
2,"commute",5,0.17,0.0939226519337017
2,"commute",6,0.01,0.00552486187845304
2,"commute",7,0,0
2,"commute",8,0.01,0.00552486187845304
2,"commute",9,0.02,0.0110497237569061
2,"commute",10,0.01,0.00552486187845304
2,"commute",11,0.02,0.0110497237569061
2,"commute",12,0.01,0.00552486187845304
2,"commute",13,0.03,0.0165745856353591
2,"commute",14,0.02,0.0110497237569061
2,"commute",15,0.02,0.0110497237569061
2,"tv",1,0.01,0.00432900432900433
2,"tv",2,0.29,0.125541125541126
2,"tv",3,0.47,0.203463203463203
2,"tv",4,0.59,0.255411255411255
2,"tv",5,0.43,0.186147186147186
2,"tv",6,0.28,0.121212121212121
2,"tv",7,0.04,0.0173160173160173
2,"tv",8,0.04,0.0173160173160173
2,"tv",9,0.03,0.012987012987013
2,"tv",10,0.01,0.00432900432900433
2,"tv",11,0.05,0.0216450216450216
2,"tv",12,0.02,0.00865800865800866
2,"tv",13,0.02,0.00865800865800866
2,"tv",14,0.02,0.00865800865800866
2,"tv",15,0.01,0.00432900432900433
2,"laptop",1,0.17,0.0949720670391062
2,"laptop",2,0.38,0.212290502793296
2,"laptop",3,0.57,0.318435754189944
2,"laptop",4,0.37,0.206703910614525
2,"laptop",5,0.17,0.0949720670391062
2,"laptop",6,0.01,0.00558659217877095
2,"laptop",7,0.03,0.0167597765363128
2,"laptop",8,0.01,0.00558659217877095
2,"laptop",9,0.01,0.00558659217877095
2,"laptop",10,0.01,0.00558659217877095
2,"laptop",11,0.01,0.00558659217877095
2,"laptop",12,0.02,0.0111731843575419
2,"laptop",13,0.01,0.00558659217877095
2,"laptop",14,0.01,0.00558659217877095
2,"laptop",15,0.01,0.00558659217877095
2,"coffee",1,0.01,0.00543478260869565
2,"coffee",2,0.01,0.00543478260869565
2,"coffee",3,0.02,0.0108695652173913
2,"coffee",4,0.02,0.0108695652173913
2,"coffee",5,0.17,0.0923913043478261
2,"coffee",6,0.37,0.201086956521739
2,"coffee",7,0.59,0.320652173913043
2,"coffee",8,0.4,0.217391304347826
2,"coffee",9,0.16,0.0869565217391304
2,"coffee",10,0.01,0.00543478260869565
2,"coffee",11,0.02,0.0108695652173913
2,"coffee",12,0.02,0.0108695652173913
2,"coffee",13,0.02,0.0108695652173913
2,"coffee",14,0.01,0.00543478260869565
2,"coffee",15,0.01,0.00543478260869565
3,"commute",1,0.15,0.016629711751663
3,"commute",2,0.21,0.0232815964523282
3,"commute",3,0.28,0.0310421286031042
3,"commute",4,0.46,0.0509977827050998
3,"commute",5,0.64,0.0709534368070953
3,"commute",6,0.76,0.0842572062084257
3,"commute",7,0.77,0.0853658536585366
3,"commute",8,0.77,0.0853658536585366
3,"commute",9,0.77,0.0853658536585366
3,"commute",10,0.78,0.0864745011086475
3,"commute",11,0.81,0.0898004434589801
3,"commute",12,0.76,0.0842572062084257
3,"commute",13,0.71,0.0787139689578714
3,"commute",14,0.62,0.0687361419068736
3,"commute",15,0.53,0.0587583148558758
3,"marbles",1,0,0
3,"marbles",2,1,0.0714285714285714
3,"marbles",3,1,0.0714285714285714
3,"marbles",4,1,0.0714285714285714
3,"marbles",5,1,0.0714285714285714
3,"marbles",6,1,0.0714285714285714
3,"marbles",7,1,0.0714285714285714
3,"marbles",8,1,0.0714285714285714
3,"marbles",9,1,0.0714285714285714
3,"marbles",10,1,0.0714285714285714
3,"marbles",11,1,0.0714285714285714
3,"marbles",12,1,0.0714285714285714
3,"marbles",13,1,0.0714285714285714
3,"marbles",14,1,0.0714285714285714
3,"marbles",15,1,0.0714285714285714
3,"coffee",1,0.16,0.0226628895184136
3,"coffee",2,0.15,0.0212464589235127
3,"coffee",3,0.17,0.0240793201133144
3,"coffee",4,0.16,0.0226628895184136
3,"coffee",5,0.19,0.0269121813031162
3,"coffee",6,0.17,0.0240793201133144
3,"coffee",7,0.24,0.0339943342776204
3,"coffee",8,0.35,0.0495750708215297
3,"coffee",9,0.59,0.0835694050991501
3,"coffee",10,0.7,0.0991501416430595
3,"coffee",11,0.72,0.101983002832861
3,"coffee",12,0.78,0.110481586402266
3,"coffee",13,0.87,0.123229461756374
3,"coffee",14,0.9,0.127478753541076
3,"coffee",15,0.91,0.128895184135977
3,"joke",1,0,0
3,"joke",2,0.14,0.0189445196211096
3,"joke",3,0.17,0.0230040595399188
3,"joke",4,0.26,0.0351826792963464
3,"joke",5,0.3,0.040595399188092
3,"joke",6,0.37,0.0500676589986468
3,"joke",7,0.46,0.0622462787550744
3,"joke",8,0.52,0.0703653585926928
3,"joke",9,0.6,0.081190798376184
3,"joke",10,0.64,0.0866035182679296
3,"joke",11,0.69,0.0933694181326116
3,"joke",12,0.77,0.104194857916103
3,"joke",13,0.8,0.108254397834912
3,"joke",14,0.84,0.113667117726658
3,"joke",15,0.83,0.112313937753721
3,"laptop",1,0.26,0.0442930153321976
3,"laptop",2,0.35,0.0596252129471891
3,"laptop",3,0.61,0.103918228279387
3,"laptop",4,0.72,0.122657580919932
3,"laptop",5,0.81,0.137989778534923
3,"laptop",6,0.58,0.0988074957410562
3,"laptop",7,0.5,0.0851788756388416
3,"laptop",8,0.44,0.0749574105621806
3,"laptop",9,0.41,0.0698466780238501
3,"laptop",10,0.37,0.0630323679727428
3,"laptop",11,0.2,0.0340715502555366
3,"laptop",12,0.2,0.0340715502555366
3,"laptop",13,0.19,0.0323679727427598
3,"laptop",14,0.14,0.0238500851788756
3,"laptop",15,0.09,0.0153321976149915
3,"watch",1,0.6,0.0638977635782748
3,"watch",2,0.71,0.0756123535676251
3,"watch",3,0.77,0.0820021299254526
3,"watch",4,0.83,0.0883919062832801
3,"watch",5,0.85,0.0905218317358892
3,"watch",6,0.79,0.0841320553780618
3,"watch",7,0.71,0.0756123535676251
3,"watch",8,0.68,0.0724174653887114
3,"watch",9,0.63,0.0670926517571885
3,"watch",10,0.54,0.0575079872204473
3,"watch",11,0.54,0.0575079872204473
3,"watch",12,0.52,0.0553780617678381
3,"watch",13,0.46,0.0489882854100106
3,"watch",14,0.45,0.0479233226837061
3,"watch",15,0.31,0.033013844515442
3,"tv",1,0.5,0.05720823798627
3,"tv",2,0.56,0.0640732265446224
3,"tv",3,0.63,0.0720823798627002
3,"tv",4,0.66,0.0755148741418764
3,"tv",5,0.73,0.0835240274599542
3,"tv",6,0.62,0.0709382151029748
3,"tv",7,0.65,0.074370709382151
3,"tv",8,0.7,0.080091533180778
3,"tv",9,0.73,0.0835240274599542
3,"tv",10,0.66,0.0755148741418764
3,"tv",11,0.57,0.0652173913043478
3,"tv",12,0.51,0.0583524027459954
3,"tv",13,0.45,0.051487414187643
3,"tv",14,0.42,0.0480549199084668
3,"tv",15,0.35,0.040045766590389
3,"movies",1,0.1,0.0145560407569141
3,"movies",2,0.11,0.0160116448326055
3,"movies",3,0.11,0.0160116448326055
3,"movies",4,0.11,0.0160116448326055
3,"movies",5,0.21,0.0305676855895196
3,"movies",6,0.28,0.0407569141193595
3,"movies",7,0.38,0.0553129548762737
3,"movies",8,0.82,0.119359534206696
3,"movies",9,0.83,0.120815138282387
3,"movies",10,0.84,0.122270742358079
3,"movies",11,0.69,0.100436681222707
3,"movies",12,0.65,0.0946142649199418
3,"movies",13,0.63,0.091703056768559
3,"movies",14,0.62,0.0902474526928675
3,"movies",15,0.49,0.0713245997088792
4,"movies",1,0.26,0.0276890308839191
4,"movies",2,0.23,0.0244941427050053
4,"movies",3,0.25,0.0266240681576145
4,"movies",4,0.33,0.0351437699680511
4,"movies",5,0.54,0.0575079872204473
4,"movies",6,0.67,0.0713525026624068
4,"movies",7,0.92,0.0979765708200213
4,"movies",8,1,0.106496272630458
4,"movies",9,0.97,0.103301384451544
4,"movies",10,1,0.106496272630458
4,"movies",11,0.77,0.0820021299254526
4,"movies",12,0.67,0.0713525026624068
4,"movies",13,0.69,0.073482428115016
4,"movies",14,0.61,0.0649627263045793
4,"movies",15,0.48,0.0511182108626198
4,"joke",1,0.24,0.0312093628088427
4,"joke",2,0.26,0.0338101430429129
4,"joke",3,0.3,0.0390117035110533
4,"joke",4,0.32,0.0416124837451235
4,"joke",5,0.35,0.0455136540962289
4,"joke",6,0.35,0.0455136540962289
4,"joke",7,0.53,0.0689206762028609
4,"joke",8,0.57,0.0741222366710013
4,"joke",9,0.64,0.0832249674902471
4,"joke",10,0.75,0.0975292587776333
4,"joke",11,0.74,0.0962288686605982
4,"joke",12,0.72,0.093628088426528
4,"joke",13,0.7,0.0910273081924577
4,"joke",14,0.68,0.0884265279583875
4,"joke",15,0.54,0.070221066319896
4,"coffee",1,0.24,0.0402684563758389
4,"coffee",2,0.18,0.0302013422818792
4,"coffee",3,0.18,0.0302013422818792
4,"coffee",4,0.12,0.0201342281879195
4,"coffee",5,0.14,0.023489932885906
4,"coffee",6,0.3,0.0503355704697987
4,"coffee",7,0.22,0.0369127516778524
4,"coffee",8,0.2,0.0335570469798658
4,"coffee",9,0.69,0.115771812080537
4,"coffee",10,0.68,0.114093959731544
4,"coffee",11,0.64,0.10738255033557
4,"coffee",12,0.69,0.115771812080537
4,"coffee",13,0.7,0.11744966442953
4,"coffee",14,0.54,0.0906040268456376
4,"coffee",15,0.44,0.0738255033557047
4,"commute",1,0,0
4,"commute",2,0,0
4,"commute",3,0.13,0.021630615640599
4,"commute",4,0.36,0.0599001663893511
4,"commute",5,0.6,0.0998336106489185
4,"commute",6,0.7,0.116472545757072
4,"commute",7,0.73,0.121464226289517
4,"commute",8,0.72,0.119800332778702
4,"commute",9,0.75,0.124792013311148
4,"commute",10,0.58,0.0965058236272879
4,"commute",11,0.49,0.0815307820299501
4,"commute",12,0.43,0.0715474209650582
4,"commute",13,0.34,0.0565723793677205
4,"commute",14,0.14,0.0232945091514143
4,"commute",15,0.04,0.00665557404326123
4,"watch",1,0.47,0.0435588507877665
4,"watch",2,0.5,0.046339202965709
4,"watch",3,0.62,0.0574606116774792
4,"watch",4,0.66,0.0611677479147359
4,"watch",5,0.75,0.0695088044485635
4,"watch",6,0.72,0.0667284522706209
4,"watch",7,0.76,0.0704355885078777
4,"watch",8,0.81,0.0750695088044486
4,"watch",9,0.85,0.0787766450417053
4,"watch",10,0.83,0.0769230769230769
4,"watch",11,0.78,0.072289156626506
4,"watch",12,0.74,0.0685820203892493
4,"watch",13,0.73,0.0676552363299351
4,"watch",14,0.8,0.0741427247451344
4,"watch",15,0.77,0.0713623725671919
4,"marbles",1,0.1,0.0272479564032698
4,"marbles",2,0.19,0.0517711171662125
4,"marbles",3,0.22,0.0599455040871935
4,"marbles",4,0.18,0.0490463215258856
4,"marbles",5,0.18,0.0490463215258856
4,"marbles",6,0.18,0.0490463215258856
4,"marbles",7,0.17,0.0463215258855586
4,"marbles",8,0.16,0.0435967302452316
4,"marbles",9,0.13,0.0354223433242507
4,"marbles",10,0.14,0.0381471389645777
4,"marbles",11,0.12,0.0326975476839237
4,"marbles",12,0.13,0.0354223433242507
4,"marbles",13,0.14,0.0381471389645777
4,"marbles",14,0.65,0.177111716621253
4,"marbles",15,0.98,0.267029972752044
4,"tv",1,0.47,0.0761750405186386
4,"tv",2,0.47,0.0761750405186386
4,"tv",3,0.62,0.100486223662885
4,"tv",4,0.66,0.106969205834684
4,"tv",5,0.61,0.0988654781199352
4,"tv",6,0.36,0.0583468395461912
4,"tv",7,0.45,0.0729335494327391
4,"tv",8,0.5,0.0810372771474878
4,"tv",9,0.41,0.06645056726094
4,"tv",10,0.35,0.0567260940032415
4,"tv",11,0.45,0.0729335494327391
4,"tv",12,0.34,0.0551053484602917
4,"tv",13,0.26,0.0421393841166937
4,"tv",14,0.15,0.0243111831442464
4,"tv",15,0.07,0.0113452188006483
4,"laptop",1,0.49,0.126614987080103
4,"laptop",2,0.67,0.17312661498708
4,"laptop",3,0.7,0.180878552971576
4,"laptop",4,0.81,0.209302325581395
4,"laptop",5,0.82,0.211886304909561
4,"laptop",6,0.15,0.0387596899224806
4,"laptop",7,0.14,0.0361757105943152
4,"laptop",8,0.07,0.0180878552971576
4,"laptop",9,0.02,0.00516795865633075
4,"laptop",10,0,0
4,"laptop",11,0,0
4,"laptop",12,0,0
4,"laptop",13,0,0
4,"laptop",14,0,0
4,"laptop",15,0,0
5,"movies",1,0.03,0.00603621730382294
5,"movies",2,0.02,0.00402414486921529
5,"movies",3,0.03,0.00603621730382294
5,"movies",4,0.03,0.00603621730382294
5,"movies",5,0.26,0.0523138832997988
5,"movies",6,0.59,0.118712273641851
5,"movies",7,0.7,0.140845070422535
5,"movies",8,0.86,0.173038229376258
5,"movies",9,0.73,0.146881287726358
5,"movies",10,0.61,0.122736418511066
5,"movies",11,0.44,0.0885311871227364
5,"movies",12,0.29,0.0583501006036217
5,"movies",13,0.21,0.0422535211267606
5,"movies",14,0.1,0.0201207243460765
5,"movies",15,0.07,0.0140845070422535
5,"tv",1,0.52,0.077727952167414
5,"tv",2,0.62,0.0926756352765321
5,"tv",3,0.69,0.103139013452915
5,"tv",4,0.79,0.118086696562033
5,"tv",5,0.72,0.10762331838565
5,"tv",6,0.74,0.110612855007474
5,"tv",7,0.66,0.0986547085201794
5,"tv",8,0.51,0.0762331838565022
5,"tv",9,0.32,0.0478325859491779
5,"tv",10,0.25,0.0373692077727952
5,"tv",11,0.31,0.0463378176382661
5,"tv",12,0.25,0.0373692077727952
5,"tv",13,0.16,0.0239162929745889
5,"tv",14,0.1,0.0149476831091181
5,"tv",15,0.05,0.00747384155455904
5,"coffee",1,0.06,0.0126582278481013
5,"coffee",2,0.08,0.0168776371308017
5,"coffee",3,0.1,0.0210970464135021
5,"coffee",4,0.09,0.0189873417721519
5,"coffee",5,0.12,0.0253164556962025
5,"coffee",6,0.11,0.0232067510548523
5,"coffee",7,0.17,0.0358649789029536
5,"coffee",8,0.3,0.0632911392405063
5,"coffee",9,0.54,0.113924050632911
5,"coffee",10,0.68,0.143459915611814
5,"coffee",11,0.77,0.162447257383966
5,"coffee",12,0.85,0.179324894514768
5,"coffee",13,0.65,0.137130801687764
5,"coffee",14,0.17,0.0358649789029536
5,"coffee",15,0.05,0.0105485232067511
5,"marbles",1,0.87,0.218592964824121
5,"marbles",2,0.39,0.0979899497487437
5,"marbles",3,0.31,0.0778894472361809
5,"marbles",4,0.24,0.0603015075376884
5,"marbles",5,0.14,0.0351758793969849
5,"marbles",6,0.11,0.0276381909547739
5,"marbles",7,0.05,0.0125628140703518
5,"marbles",8,0.04,0.0100502512562814
5,"marbles",9,0.08,0.0201005025125628
5,"marbles",10,0.1,0.0251256281407035
5,"marbles",11,0.15,0.0376884422110553
5,"marbles",12,0.16,0.0402010050251256
5,"marbles",13,0.19,0.0477386934673367
5,"marbles",14,0.19,0.0477386934673367
5,"marbles",15,0.96,0.241206030150754
5,"watch",1,0.55,0.0656324582338902
5,"watch",2,0.64,0.0763723150357995
5,"watch",3,0.86,0.102625298329356
5,"watch",4,0.82,0.0978520286396181
5,"watch",5,0.76,0.0906921241050119
5,"watch",6,0.74,0.0883054892601432
5,"watch",7,0.67,0.0799522673031026
5,"watch",8,0.64,0.0763723150357995
5,"watch",9,0.53,0.0632458233890215
5,"watch",10,0.4,0.0477326968973747
5,"watch",11,0.56,0.0668257756563246
5,"watch",12,0.36,0.0429594272076372
5,"watch",13,0.22,0.0262529832935561
5,"watch",14,0.16,0.0190930787589499
5,"watch",15,0.47,0.0560859188544153
5,"joke",1,0.73,0.128747795414462
5,"joke",2,0.5,0.0881834215167548
5,"joke",3,0.36,0.0634920634920635
5,"joke",4,0.23,0.0405643738977072
5,"joke",5,0.16,0.0282186948853616
5,"joke",6,0.1,0.017636684303351
5,"joke",7,0.07,0.0123456790123457
5,"joke",8,0.1,0.017636684303351
5,"joke",9,0.12,0.0211640211640212
5,"joke",10,0.23,0.0405643738977072
5,"joke",11,0.36,0.0634920634920635
5,"joke",12,0.46,0.0811287477954145
5,"joke",13,0.64,0.112874779541446
5,"joke",14,0.75,0.132275132275132
5,"joke",15,0.86,0.151675485008818
5,"commute",1,0.3,0.0423728813559322
5,"commute",2,0.5,0.0706214689265537
5,"commute",3,0.7,0.0988700564971751
5,"commute",4,0.84,0.11864406779661
5,"commute",5,0.69,0.0974576271186441
5,"commute",6,0.66,0.0932203389830508
5,"commute",7,0.59,0.0833333333333333
5,"commute",8,0.56,0.0790960451977401
5,"commute",9,0.44,0.0621468926553672
5,"commute",10,0.41,0.057909604519774
5,"commute",11,0.48,0.0677966101694915
5,"commute",12,0.38,0.0536723163841808
5,"commute",13,0.24,0.0338983050847458
5,"commute",14,0.17,0.0240112994350282
5,"commute",15,0.12,0.0169491525423729
5,"laptop",1,0.7,0.264150943396226
5,"laptop",2,0.65,0.245283018867925
5,"laptop",3,0.43,0.162264150943396
5,"laptop",4,0.21,0.0792452830188679
5,"laptop",5,0.08,0.030188679245283
5,"laptop",6,0.09,0.0339622641509434
5,"laptop",7,0.05,0.0188679245283019
5,"laptop",8,0.06,0.0226415094339623
5,"laptop",9,0.06,0.0226415094339623
5,"laptop",10,0.05,0.0188679245283019
5,"laptop",11,0.05,0.0188679245283019
5,"laptop",12,0.05,0.0188679245283019
5,"laptop",13,0.05,0.0188679245283019
5,"laptop",14,0.04,0.0150943396226415
5,"laptop",15,0.08,0.030188679245283
6,"movies",1,0.03,0.0078740157480315
6,"movies",2,0.01,0.0026246719160105
6,"movies",3,0.02,0.005249343832021
6,"movies",4,0,0
6,"movies",5,0.22,0.057742782152231
6,"movies",6,0.48,0.125984251968504
6,"movies",7,0.68,0.178477690288714
6,"movies",8,0.68,0.178477690288714
6,"movies",9,0.59,0.154855643044619
6,"movies",10,0.44,0.115485564304462
6,"movies",11,0.28,0.073490813648294
6,"movies",12,0.21,0.0551181102362205
6,"movies",13,0.07,0.0183727034120735
6,"movies",14,0.05,0.0131233595800525
6,"movies",15,0.05,0.0131233595800525
6,"laptop",1,0.59,0.258771929824561
6,"laptop",2,0.93,0.407894736842105
6,"laptop",3,0.25,0.109649122807018
6,"laptop",4,0.11,0.0482456140350877
6,"laptop",5,0.05,0.0219298245614035
6,"laptop",6,0.04,0.0175438596491228
6,"laptop",7,0.04,0.0175438596491228
6,"laptop",8,0.03,0.0131578947368421
6,"laptop",9,0.05,0.0219298245614035
6,"laptop",10,0.03,0.0131578947368421
6,"laptop",11,0.02,0.0087719298245614
6,"laptop",12,0.05,0.0219298245614035
6,"laptop",13,0.05,0.0219298245614035
6,"laptop",14,0.02,0.0087719298245614
6,"laptop",15,0.02,0.0087719298245614
6,"tv",1,0.26,0.062953995157385
6,"tv",2,0.39,0.0944309927360775
6,"tv",3,0.41,0.099273607748184
6,"tv",4,0.38,0.0920096852300242
6,"tv",5,0.33,0.0799031476997579
6,"tv",6,0.36,0.0871670702179177
6,"tv",7,0.35,0.0847457627118644
6,"tv",8,0.38,0.0920096852300242
6,"tv",9,0.35,0.0847457627118644
6,"tv",10,0.26,0.062953995157385
6,"tv",11,0.2,0.0484261501210654
6,"tv",12,0.14,0.0338983050847458
6,"tv",13,0.15,0.036319612590799
6,"tv",14,0.12,0.0290556900726392
6,"tv",15,0.05,0.0121065375302663
6,"coffee",1,0.07,0.0153172866520788
6,"coffee",2,0.11,0.0240700218818381
6,"coffee",3,0.13,0.0284463894967177
6,"coffee",4,0.12,0.0262582056892779
6,"coffee",5,0.11,0.0240700218818381
6,"coffee",6,0.36,0.0787746170678337
6,"coffee",7,0.34,0.074398249452954
6,"coffee",8,0.42,0.0919037199124726
6,"coffee",9,0.46,0.100656455142232
6,"coffee",10,0.59,0.12910284463895
6,"coffee",11,0.57,0.12472647702407
6,"coffee",12,0.59,0.12910284463895
6,"coffee",13,0.54,0.118161925601751
6,"coffee",14,0.1,0.0218818380743982
6,"coffee",15,0.06,0.0131291028446389
6,"joke",1,0.29,0.0466237942122186
6,"joke",2,0.38,0.0610932475884244
6,"joke",3,0.41,0.0659163987138264
6,"joke",4,0.4,0.0643086816720257
6,"joke",5,0.39,0.0627009646302251
6,"joke",6,0.33,0.0530546623794212
6,"joke",7,0.3,0.0482315112540193
6,"joke",8,0.29,0.0466237942122186
6,"joke",9,0.4,0.0643086816720257
6,"joke",10,0.48,0.0771704180064309
6,"joke",11,0.52,0.0836012861736335
6,"joke",12,0.55,0.0884244372990354
6,"joke",13,0.6,0.0964630225080386
6,"joke",14,0.47,0.0755627009646302
6,"joke",15,0.41,0.0659163987138264
6,"watch",1,0.71,0.0951742627345844
6,"watch",2,0.74,0.0991957104557641
6,"watch",3,0.66,0.0884718498659517
6,"watch",4,0.53,0.0710455764075067
6,"watch",5,0.53,0.0710455764075067
6,"watch",6,0.57,0.0764075067024129
6,"watch",7,0.59,0.0790884718498659
6,"watch",8,0.46,0.0616621983914209
6,"watch",9,0.51,0.0683646112600536
6,"watch",10,0.54,0.0723860589812333
6,"watch",11,0.47,0.0630026809651475
6,"watch",12,0.41,0.0549597855227882
6,"watch",13,0.34,0.0455764075067024
6,"watch",14,0.26,0.0348525469168901
6,"watch",15,0.14,0.0187667560321716
6,"marbles",1,0.08,0.0386473429951691
6,"marbles",2,0.09,0.0434782608695652
6,"marbles",3,0.09,0.0434782608695652
6,"marbles",4,0.09,0.0434782608695652
6,"marbles",5,0.1,0.0483091787439614
6,"marbles",6,0.08,0.0386473429951691
6,"marbles",7,0.08,0.0386473429951691
6,"marbles",8,0.08,0.0386473429951691
6,"marbles",9,0.09,0.0434782608695652
6,"marbles",10,0.06,0.0289855072463768
6,"marbles",11,0.08,0.0386473429951691
6,"marbles",12,0.08,0.0386473429951691
6,"marbles",13,0.06,0.0289855072463768
6,"marbles",14,0.06,0.0289855072463768
6,"marbles",15,0.95,0.458937198067633
6,"commute",1,0.39,0.0623003194888179
6,"commute",2,0.58,0.0926517571884984
6,"commute",3,0.64,0.10223642172524
6,"commute",4,0.63,0.100638977635783
6,"commute",5,0.58,0.0926517571884984
6,"commute",6,0.67,0.10702875399361
6,"commute",7,0.63,0.100638977635783
6,"commute",8,0.5,0.0798722044728434
6,"commute",9,0.38,0.060702875399361
6,"commute",10,0.34,0.0543130990415336
6,"commute",11,0.27,0.0431309904153355
6,"commute",12,0.19,0.0303514376996805
6,"commute",13,0.18,0.0287539936102236
6,"commute",14,0.18,0.0287539936102236
6,"commute",15,0.1,0.0159744408945687
7,"marbles",1,0,0
7,"marbles",2,0,0
7,"marbles",3,0,0
7,"marbles",4,0,0
7,"marbles",5,0,0
7,"marbles",6,0,0
7,"marbles",7,0,0
7,"marbles",8,0,0
7,"marbles",9,0,0
7,"marbles",10,0,0
7,"marbles",11,0.03,0.0306122448979592
7,"marbles",12,0,0
7,"marbles",13,0,0
7,"marbles",14,0,0
7,"marbles",15,0.95,0.969387755102041
7,"commute",1,0.25,0.0629722921914358
7,"commute",2,0.39,0.0982367758186398
7,"commute",3,0.67,0.168765743073048
7,"commute",4,0.77,0.193954659949622
7,"commute",5,0.75,0.188916876574307
7,"commute",6,0.36,0.0906801007556675
7,"commute",7,0.22,0.0554156171284635
7,"commute",8,0.17,0.0428211586901763
7,"commute",9,0.16,0.0403022670025189
7,"commute",10,0.05,0.0125944584382872
7,"commute",11,0.01,0.00251889168765743
7,"commute",12,0.04,0.0100755667506297
7,"commute",13,0.02,0.00503778337531486
7,"commute",14,0.04,0.0100755667506297
7,"commute",15,0.07,0.017632241813602
7,"watch",1,0.22,0.0280970625798212
7,"watch",2,0.24,0.0306513409961686
7,"watch",3,0.3,0.0383141762452107
7,"watch",4,0.42,0.053639846743295
7,"watch",5,0.56,0.0715197956577267
7,"watch",6,0.64,0.0817369093231162
7,"watch",7,0.69,0.0881226053639847
7,"watch",8,0.67,0.0855683269476373
7,"watch",9,0.69,0.0881226053639847
7,"watch",10,0.7,0.0893997445721584
7,"watch",11,0.64,0.0817369093231162
7,"watch",12,0.75,0.0957854406130268
7,"watch",13,0.59,0.0753512132822478
7,"watch",14,0.35,0.0446998722860792
7,"watch",15,0.37,0.0472541507024266
7,"joke",1,0.14,0.0175658720200753
7,"joke",2,0.15,0.0188205771643664
7,"joke",3,0.16,0.0200752823086575
7,"joke",4,0.23,0.0288582183186951
7,"joke",5,0.25,0.0313676286072773
7,"joke",6,0.46,0.0577164366373902
7,"joke",7,0.62,0.0777917189460477
7,"joke",8,0.67,0.0840652446675031
7,"joke",9,0.67,0.0840652446675031
7,"joke",10,0.69,0.0865746549560853
7,"joke",11,0.79,0.0991217063989962
7,"joke",12,0.77,0.0966122961104141
7,"joke",13,0.79,0.0991217063989962
7,"joke",14,0.8,0.100376411543287
7,"joke",15,0.78,0.0978670012547051
7,"tv",1,0.12,0.036144578313253
7,"tv",2,0.27,0.0813253012048193
7,"tv",3,0.45,0.135542168674699
7,"tv",4,0.63,0.189759036144578
7,"tv",5,0.62,0.186746987951807
7,"tv",6,0.44,0.132530120481928
7,"tv",7,0.27,0.0813253012048193
7,"tv",8,0.12,0.036144578313253
7,"tv",9,0.06,0.0180722891566265
7,"tv",10,0.05,0.0150602409638554
7,"tv",11,0.08,0.0240963855421687
7,"tv",12,0.05,0.0150602409638554
7,"tv",13,0.03,0.00903614457831325
7,"tv",14,0.09,0.0271084337349398
7,"tv",15,0.04,0.0120481927710843
7,"movies",1,0.04,0.0101781170483461
7,"movies",2,0.03,0.00763358778625954
7,"movies",3,0.05,0.0127226463104326
7,"movies",4,0.04,0.0101781170483461
7,"movies",5,0.2,0.0508905852417303
7,"movies",6,0.21,0.0534351145038168
7,"movies",7,0.22,0.0559796437659033
7,"movies",8,0.61,0.155216284987277
7,"movies",9,0.75,0.190839694656489
7,"movies",10,0.56,0.142493638676845
7,"movies",11,0.41,0.104325699745547
7,"movies",12,0.28,0.0712468193384224
7,"movies",13,0.24,0.0610687022900763
7,"movies",14,0.15,0.0381679389312977
7,"movies",15,0.14,0.0356234096692112
7,"coffee",1,0.08,0.0192307692307692
7,"coffee",2,0.05,0.0120192307692308
7,"coffee",3,0.07,0.0168269230769231
7,"coffee",4,0.09,0.0216346153846154
7,"coffee",5,0.05,0.0120192307692308
7,"coffee",6,0.21,0.0504807692307692
7,"coffee",7,0.33,0.0793269230769231
7,"coffee",8,0.53,0.127403846153846
7,"coffee",9,0.67,0.161057692307692
7,"coffee",10,0.66,0.158653846153846
7,"coffee",11,0.66,0.158653846153846
7,"coffee",12,0.29,0.0697115384615384
7,"coffee",13,0.19,0.0456730769230769
7,"coffee",14,0.18,0.0432692307692308
7,"coffee",15,0.1,0.0240384615384615
7,"laptop",1,0.2,0.0400801603206413
7,"laptop",2,0.71,0.142284569138277
7,"laptop",3,0.69,0.138276553106212
7,"laptop",4,0.69,0.138276553106212
7,"laptop",5,0.62,0.124248496993988
7,"laptop",6,0.55,0.110220440881764
7,"laptop",7,0.37,0.0741482965931864
7,"laptop",8,0.26,0.0521042084168337
7,"laptop",9,0.17,0.0340681362725451
7,"laptop",10,0.1,0.0200400801603206
7,"laptop",11,0.14,0.0280561122244489
7,"laptop",12,0.13,0.0260521042084168
7,"laptop",13,0.14,0.0280561122244489
7,"laptop",14,0.15,0.030060120240481
7,"laptop",15,0.07,0.0140280561122244
8,"marbles",1,1,0.0666666666666667
8,"marbles",2,1,0.0666666666666667
8,"marbles",3,1,0.0666666666666667
8,"marbles",4,1,0.0666666666666667
8,"marbles",5,1,0.0666666666666667
8,"marbles",6,1,0.0666666666666667
8,"marbles",7,1,0.0666666666666667
8,"marbles",8,1,0.0666666666666667
8,"marbles",9,1,0.0666666666666667
8,"marbles",10,1,0.0666666666666667
8,"marbles",11,1,0.0666666666666667
8,"marbles",12,1,0.0666666666666667
8,"marbles",13,1,0.0666666666666667
8,"marbles",14,1,0.0666666666666667
8,"marbles",15,1,0.0666666666666667
8,"tv",1,1,0.189393939393939
8,"tv",2,1,0.189393939393939
8,"tv",3,1,0.189393939393939
8,"tv",4,0.76,0.143939393939394
8,"tv",5,0.56,0.106060606060606
8,"tv",6,0.29,0.0549242424242424
8,"tv",7,0.28,0.053030303030303
8,"tv",8,0.14,0.0265151515151515
8,"tv",9,0.09,0.0170454545454545
8,"tv",10,0.05,0.00946969696969697
8,"tv",11,0.05,0.00946969696969697
8,"tv",12,0.06,0.0113636363636364
8,"tv",13,0,0
8,"tv",14,0,0
8,"tv",15,0,0
8,"watch",1,1,0.152439024390244
8,"watch",2,1,0.152439024390244
8,"watch",3,0.74,0.11280487804878
8,"watch",4,0.75,0.114329268292683
8,"watch",5,0.61,0.0929878048780488
8,"watch",6,0.62,0.0945121951219512
8,"watch",7,0.51,0.0777439024390244
8,"watch",8,0.4,0.0609756097560976
8,"watch",9,0.27,0.0411585365853659
8,"watch",10,0.14,0.0213414634146341
8,"watch",11,0.11,0.0167682926829268
8,"watch",12,0.11,0.0167682926829268
8,"watch",13,0.11,0.0167682926829268
8,"watch",14,0.09,0.013719512195122
8,"watch",15,0.1,0.0152439024390244
8,"laptop",1,1,0.316455696202532
8,"laptop",2,1,0.316455696202532
8,"laptop",3,0.64,0.20253164556962
8,"laptop",4,0.21,0.0664556962025316
8,"laptop",5,0.22,0.069620253164557
8,"laptop",6,0.08,0.0253164556962025
8,"laptop",7,0,0
8,"laptop",8,0,0
8,"laptop",9,0,0
8,"laptop",10,0,0
8,"laptop",11,0.01,0.00316455696202532
8,"laptop",12,0,0
8,"laptop",13,0,0
8,"laptop",14,0,0
8,"laptop",15,0,0
8,"commute",1,1,0.0868809730668983
8,"commute",2,1,0.0868809730668983
8,"commute",3,1,0.0868809730668983
8,"commute",4,1,0.0868809730668983
8,"commute",5,1,0.0868809730668983
8,"commute",6,1,0.0868809730668983
8,"commute",7,1,0.0868809730668983
8,"commute",8,1,0.0868809730668983
8,"commute",9,1,0.0868809730668983
8,"commute",10,0.75,0.0651607298001738
8,"commute",11,0.63,0.054735013032146
8,"commute",12,0.46,0.0399652476107732
8,"commute",13,0.37,0.0321459600347524
8,"commute",14,0.21,0.0182450043440487
8,"commute",15,0.09,0.00781928757602085
8,"joke",1,0.76,0.0654608096468562
8,"joke",2,0.76,0.0654608096468562
8,"joke",3,0.77,0.066322136089578
8,"joke",4,0.78,0.0671834625322997
8,"joke",5,0.75,0.0645994832041344
8,"joke",6,0.77,0.066322136089578
8,"joke",7,0.78,0.0671834625322997
8,"joke",8,0.78,0.0671834625322997
8,"joke",9,0.77,0.066322136089578
8,"joke",10,0.77,0.066322136089578
8,"joke",11,0.78,0.0671834625322997
8,"joke",12,0.78,0.0671834625322997
8,"joke",13,0.78,0.0671834625322997
8,"joke",14,0.79,0.0680447889750215
8,"joke",15,0.79,0.0680447889750215
8,"coffee",1,0.1,0.028169014084507
8,"coffee",2,0.11,0.0309859154929577
8,"coffee",3,0.1,0.028169014084507
8,"coffee",4,0.11,0.0309859154929577
8,"coffee",5,0.46,0.129577464788732
8,"coffee",6,0.71,0.2
8,"coffee",7,0.71,0.2
8,"coffee",8,0.7,0.197183098591549
8,"coffee",9,0.2,0.0563380281690141
8,"coffee",10,0.19,0.0535211267605634
8,"coffee",11,0.02,0.00563380281690141
8,"coffee",12,0.02,0.00563380281690141
8,"coffee",13,0.04,0.0112676056338028
8,"coffee",14,0.04,0.0112676056338028
8,"coffee",15,0.04,0.0112676056338028
8,"movies",1,0.11,0.0215686274509804
8,"movies",2,0.11,0.0215686274509804
8,"movies",3,0.09,0.0176470588235294
8,"movies",4,0.11,0.0215686274509804
8,"movies",5,0.1,0.0196078431372549
8,"movies",6,0.11,0.0215686274509804
8,"movies",7,0.14,0.0274509803921569
8,"movies",8,0.74,0.145098039215686
8,"movies",9,0.73,0.143137254901961
8,"movies",10,0.7,0.137254901960784
8,"movies",11,0.76,0.149019607843137
8,"movies",12,0.62,0.12156862745098
8,"movies",13,0.43,0.0843137254901961
8,"movies",14,0.22,0.0431372549019608
8,"movies",15,0.13,0.0254901960784314
9,"tv",1,0.3,0.0457317073170732
9,"tv",2,0.32,0.048780487804878
9,"tv",3,0.59,0.0899390243902439
9,"tv",4,0.75,0.114329268292683
9,"tv",5,0.76,0.115853658536585
9,"tv",6,0.65,0.0990853658536585
9,"tv",7,0.63,0.0960365853658536
9,"tv",8,0.32,0.048780487804878
9,"tv",9,0.31,0.0472560975609756
9,"tv",10,0.27,0.0411585365853659
9,"tv",11,0.48,0.0731707317073171
9,"tv",12,0.4,0.0609756097560976
9,"tv",13,0.39,0.0594512195121951
9,"tv",14,0.23,0.0350609756097561
9,"tv",15,0.16,0.024390243902439
9,"marbles",1,0.02,0.0045045045045045
9,"marbles",2,0.25,0.0563063063063063
9,"marbles",3,0.27,0.0608108108108108
9,"marbles",4,0.25,0.0563063063063063
9,"marbles",5,0.25,0.0563063063063063
9,"marbles",6,0.27,0.0608108108108108
9,"marbles",7,0.26,0.0585585585585586
9,"marbles",8,0.26,0.0585585585585586
9,"marbles",9,0.26,0.0585585585585586
9,"marbles",10,0.27,0.0608108108108108
9,"marbles",11,0.28,0.0630630630630631
9,"marbles",12,0.29,0.0653153153153153
9,"marbles",13,0.27,0.0608108108108108
9,"marbles",14,0.27,0.0608108108108108
9,"marbles",15,0.97,0.218468468468468
9,"joke",1,0.24,0.0312093628088427
9,"joke",2,0.25,0.0325097529258778
9,"joke",3,0.26,0.0338101430429129
9,"joke",4,0.27,0.035110533159948
9,"joke",5,0.4,0.0520156046814044
9,"joke",6,0.43,0.0559167750325097
9,"joke",7,0.47,0.0611183355006502
9,"joke",8,0.49,0.0637191157347204
9,"joke",9,0.47,0.0611183355006502
9,"joke",10,0.63,0.081924577373212
9,"joke",11,0.77,0.100130039011704
9,"joke",12,0.78,0.101430429128739
9,"joke",13,0.74,0.0962288686605982
9,"joke",14,0.75,0.0975292587776333
9,"joke",15,0.74,0.0962288686605982
9,"commute",1,0.3,0.0557620817843866
9,"commute",2,0.41,0.0762081784386617
9,"commute",3,0.37,0.0687732342007435
9,"commute",4,0.57,0.105947955390335
9,"commute",5,0.73,0.135687732342007
9,"commute",6,0.71,0.131970260223048
9,"commute",7,0.26,0.0483271375464684
9,"commute",8,0.26,0.0483271375464684
9,"commute",9,0.28,0.0520446096654275
9,"commute",10,0.24,0.0446096654275093
9,"commute",11,0.28,0.0520446096654275
9,"commute",12,0.23,0.0427509293680297
9,"commute",13,0.24,0.0446096654275093
9,"commute",14,0.25,0.0464684014869889
9,"commute",15,0.25,0.0464684014869889
9,"coffee",1,0.28,0.0351758793969849
9,"coffee",2,0.29,0.0364321608040201
9,"coffee",3,0.27,0.0339195979899497
9,"coffee",4,0.31,0.0389447236180905
9,"coffee",5,0.31,0.0389447236180905
9,"coffee",6,0.51,0.064070351758794
9,"coffee",7,0.52,0.0653266331658292
9,"coffee",8,0.65,0.0816582914572864
9,"coffee",9,0.68,0.085427135678392
9,"coffee",10,0.65,0.0816582914572864
9,"coffee",11,0.71,0.0891959798994975
9,"coffee",12,0.7,0.0879396984924623
9,"coffee",13,0.7,0.0879396984924623
9,"coffee",14,0.71,0.0891959798994975
9,"coffee",15,0.67,0.0841708542713568
9,"movies",1,0.04,0.00956937799043062
9,"movies",2,0.04,0.00956937799043062
9,"movies",3,0,0
9,"movies",4,0.02,0.00478468899521531
9,"movies",5,0.01,0.00239234449760766
9,"movies",6,0.26,0.062200956937799
9,"movies",7,0.27,0.0645933014354067
9,"movies",8,0.65,0.155502392344498
9,"movies",9,0.71,0.169856459330144
9,"movies",10,0.72,0.172248803827751
9,"movies",11,0.49,0.117224880382775
9,"movies",12,0.33,0.0789473684210526
9,"movies",13,0.3,0.0717703349282297
9,"movies",14,0.31,0.0741626794258373
9,"movies",15,0.03,0.00717703349282297
9,"laptop",1,0.72,0.153518123667377
9,"laptop",2,0.59,0.125799573560768
9,"laptop",3,0.51,0.108742004264392
9,"laptop",4,0.36,0.0767590618336887
9,"laptop",5,0.24,0.0511727078891258
9,"laptop",6,0.29,0.0618336886993603
9,"laptop",7,0.29,0.0618336886993603
9,"laptop",8,0.25,0.0533049040511727
9,"laptop",9,0.18,0.0383795309168444
9,"laptop",10,0.18,0.0383795309168444
9,"laptop",11,0.3,0.0639658848614073
9,"laptop",12,0.27,0.0575692963752665
9,"laptop",13,0.19,0.0405117270788913
9,"laptop",14,0.16,0.0341151385927505
9,"laptop",15,0.16,0.0341151385927505
9,"watch",1,0.76,0.171171171171171
9,"watch",2,0.5,0.112612612612613
9,"watch",3,0.39,0.0878378378378378
9,"watch",4,0.41,0.0923423423423423
9,"watch",5,0.14,0.0315315315315315
9,"watch",6,0.24,0.0540540540540541
9,"watch",7,0.26,0.0585585585585586
9,"watch",8,0.28,0.0630630630630631
9,"watch",9,0.24,0.0540540540540541
9,"watch",10,0.21,0.0472972972972973
9,"watch",11,0.18,0.0405405405405405
9,"watch",12,0.23,0.0518018018018018
9,"watch",13,0.24,0.0540540540540541
9,"watch",14,0.18,0.0405405405405405
9,"watch",15,0.18,0.0405405405405405
10,"coffee",1,0.26,0.0338541666666667
10,"coffee",2,0.26,0.0338541666666667
10,"coffee",3,0.28,0.0364583333333333
10,"coffee",4,0.32,0.0416666666666667
10,"coffee",5,0.42,0.0546875
10,"coffee",6,0.54,0.0703125
10,"coffee",7,0.7,0.0911458333333333
10,"coffee",8,0.74,0.0963541666666667
10,"coffee",9,0.77,0.100260416666667
10,"coffee",10,0.75,0.09765625
10,"coffee",11,0.78,0.1015625
10,"coffee",12,0.73,0.0950520833333333
10,"coffee",13,0.66,0.0859375
10,"coffee",14,0.4,0.0520833333333333
10,"coffee",15,0.07,0.00911458333333333
10,"commute",1,1,0.14367816091954
10,"commute",2,1,0.14367816091954
10,"commute",3,1,0.14367816091954
10,"commute",4,1,0.14367816091954
10,"commute",5,0.81,0.116379310344828
10,"commute",6,0.65,0.0933908045977011
10,"commute",7,0.5,0.0718390804597701
10,"commute",8,0.34,0.0488505747126437
10,"commute",9,0.25,0.0359195402298851
10,"commute",10,0.15,0.021551724137931
10,"commute",11,0.07,0.0100574712643678
10,"commute",12,0.06,0.00862068965517241
10,"commute",13,0.05,0.00718390804597701
10,"commute",14,0.04,0.00574712643678161
10,"commute",15,0.04,0.00574712643678161
10,"laptop",1,1,0.184842883548983
10,"laptop",2,1,0.184842883548983
10,"laptop",3,1,0.184842883548983
10,"laptop",4,0.85,0.157116451016636
10,"laptop",5,0.73,0.134935304990758
10,"laptop",6,0.59,0.1090573012939
10,"laptop",7,0.13,0.0240295748613678
10,"laptop",8,0.11,0.0203327171903882
10,"laptop",9,0,0
10,"laptop",10,0,0
10,"laptop",11,0,0
10,"laptop",12,0,0
10,"laptop",13,0,0
10,"laptop",14,0,0
10,"laptop",15,0,0
10,"tv",1,1,0.143266475644699
10,"tv",2,1,0.143266475644699
10,"tv",3,1,0.143266475644699
10,"tv",4,1,0.143266475644699
10,"tv",5,1,0.143266475644699
10,"tv",6,0.69,0.0988538681948424
10,"tv",7,0.34,0.0487106017191977
10,"tv",8,0.29,0.0415472779369628
10,"tv",9,0.15,0.0214899713467049
10,"tv",10,0.14,0.0200573065902579
10,"tv",11,0.12,0.0171919770773639
10,"tv",12,0.08,0.0114613180515759
10,"tv",13,0.07,0.0100286532951289
10,"tv",14,0.05,0.00716332378223496
10,"tv",15,0.05,0.00716332378223496
10,"movies",1,0,0
10,"movies",2,0,0
10,"movies",3,0,0
10,"movies",4,0,0
10,"movies",5,0,0
10,"movies",6,0.5,0.113636363636364
10,"movies",7,0.76,0.172727272727273
10,"movies",8,1,0.227272727272727
10,"movies",9,1,0.227272727272727
10,"movies",10,0.67,0.152272727272727
10,"movies",11,0.23,0.0522727272727273
10,"movies",12,0.07,0.0159090909090909
10,"movies",13,0.07,0.0159090909090909
10,"movies",14,0.05,0.0113636363636364
10,"movies",15,0.05,0.0113636363636364
10,"marbles",1,0.11,0.016566265060241
10,"marbles",2,0.15,0.0225903614457831
10,"marbles",3,0.16,0.0240963855421687
10,"marbles",4,0.21,0.0316265060240964
10,"marbles",5,0.24,0.036144578313253
10,"marbles",6,0.3,0.0451807228915663
10,"marbles",7,0.36,0.0542168674698795
10,"marbles",8,0.4,0.0602409638554217
10,"marbles",9,0.44,0.0662650602409639
10,"marbles",10,0.52,0.0783132530120482
10,"marbles",11,0.58,0.0873493975903614
10,"marbles",12,0.64,0.0963855421686747
10,"marbles",13,0.74,0.11144578313253
10,"marbles",14,0.79,0.118975903614458
10,"marbles",15,1,0.150602409638554
10,"watch",1,1,0.149700598802395
10,"watch",2,0.98,0.146706586826347
10,"watch",3,0.99,0.148203592814371
10,"watch",4,0.99,0.148203592814371
10,"watch",5,0.66,0.0988023952095809
10,"watch",6,0.7,0.104790419161677
10,"watch",7,0.36,0.0538922155688623
10,"watch",8,0.3,0.0449101796407186
10,"watch",9,0.21,0.031437125748503
10,"watch",10,0.12,0.0179640718562874
10,"watch",11,0.12,0.0179640718562874
10,"watch",12,0.09,0.0134730538922156
10,"watch",13,0.06,0.00898203592814371
10,"watch",14,0.05,0.00748502994011976
10,"watch",15,0.05,0.00748502994011976
10,"joke",1,1,0.067842605156038
10,"joke",2,1,0.067842605156038
10,"joke",3,1,0.067842605156038
10,"joke",4,1,0.067842605156038
10,"joke",5,1,0.067842605156038
10,"joke",6,1,0.067842605156038
10,"joke",7,1,0.067842605156038
10,"joke",8,1,0.067842605156038
10,"joke",9,1,0.067842605156038
10,"joke",10,1,0.067842605156038
10,"joke",11,1,0.067842605156038
10,"joke",12,1,0.067842605156038
10,"joke",13,1,0.067842605156038
10,"joke",14,1,0.067842605156038
10,"joke",15,0.74,0.0502035278154681
11,"coffee",1,0.75,0.128424657534247
11,"coffee",2,0.71,0.121575342465753
11,"coffee",3,0.71,0.121575342465753
11,"coffee",4,0.74,0.126712328767123
11,"coffee",5,0.57,0.0976027397260274
11,"coffee",6,0.53,0.0907534246575342
11,"coffee",7,0.35,0.0599315068493151
11,"coffee",8,0.34,0.0582191780821918
11,"coffee",9,0.4,0.0684931506849315
11,"coffee",10,0.39,0.0667808219178082
11,"coffee",11,0.26,0.0445205479452055
11,"coffee",12,0.02,0.00342465753424658
11,"coffee",13,0.03,0.00513698630136986
11,"coffee",14,0.02,0.00342465753424658
11,"coffee",15,0.02,0.00342465753424658
11,"commute",1,0.71,0.109907120743034
11,"commute",2,0.91,0.140866873065015
11,"commute",3,0.91,0.140866873065015
11,"commute",4,0.68,0.105263157894737
11,"commute",5,0.69,0.106811145510836
11,"commute",6,0.5,0.0773993808049536
11,"commute",7,0.32,0.0495356037151703
11,"commute",8,0.36,0.0557275541795666
11,"commute",9,0.36,0.0557275541795666
11,"commute",10,0.36,0.0557275541795666
11,"commute",11,0.29,0.0448916408668731
11,"commute",12,0.29,0.0448916408668731
11,"commute",13,0.04,0.00619195046439629
11,"commute",14,0.02,0.00309597523219814
11,"commute",15,0.02,0.00309597523219814
11,"laptop",1,0.27,0.0356200527704486
11,"laptop",2,0.74,0.0976253298153034
11,"laptop",3,0.74,0.0976253298153034
11,"laptop",4,0.74,0.0976253298153034
11,"laptop",5,0.72,0.0949868073878628
11,"laptop",6,0.75,0.0989445910290237
11,"laptop",7,0.76,0.100263852242744
11,"laptop",8,0.72,0.0949868073878628
11,"laptop",9,0.48,0.0633245382585752
11,"laptop",10,0.35,0.0461741424802111
11,"laptop",11,0.31,0.0408970976253298
11,"laptop",12,0.31,0.0408970976253298
11,"laptop",13,0.33,0.0435356200527705
11,"laptop",14,0.35,0.0461741424802111
11,"laptop",15,0.01,0.00131926121372032
11,"joke",1,0.02,0.00227531285551763
11,"joke",2,0.72,0.0819112627986348
11,"joke",3,0.72,0.0819112627986348
11,"joke",4,0.71,0.080773606370876
11,"joke",5,0.73,0.0830489192263936
11,"joke",6,0.73,0.0830489192263936
11,"joke",7,0.73,0.0830489192263936
11,"joke",8,0.74,0.0841865756541525
11,"joke",9,0.77,0.0875995449374289
11,"joke",10,0.5,0.0568828213879408
11,"joke",11,0.49,0.055745164960182
11,"joke",12,0.49,0.055745164960182
11,"joke",13,0.49,0.055745164960182
11,"joke",14,0.46,0.0523321956769056
11,"joke",15,0.49,0.055745164960182
11,"movies",1,0.29,0.0420289855072464
11,"movies",2,0.34,0.0492753623188406
11,"movies",3,0.3,0.0434782608695652
11,"movies",4,0.37,0.0536231884057971
11,"movies",5,0.59,0.0855072463768116
11,"movies",6,0.74,0.107246376811594
11,"movies",7,0.71,0.102898550724638
11,"movies",8,0.72,0.104347826086957
11,"movies",9,0.75,0.108695652173913
11,"movies",10,0.7,0.101449275362319
11,"movies",11,0.54,0.0782608695652174
11,"movies",12,0.27,0.0391304347826087
11,"movies",13,0.25,0.036231884057971
11,"movies",14,0.31,0.0449275362318841
11,"movies",15,0.02,0.00289855072463768
11,"tv",1,0.29,0.0296827021494371
11,"tv",2,0.51,0.0522006141248721
11,"tv",3,0.97,0.0992835209825998
11,"tv",4,0.97,0.0992835209825998
11,"tv",5,0.99,0.101330603889458
11,"tv",6,0.99,0.101330603889458
11,"tv",7,0.99,0.101330603889458
11,"tv",8,0.67,0.0685772773797339
11,"tv",9,0.71,0.0726714431934493
11,"tv",10,0.73,0.0747185261003071
11,"tv",11,0.72,0.0736949846468782
11,"tv",12,0.33,0.0337768679631525
11,"tv",13,0.28,0.0286591606960082
11,"tv",14,0.32,0.0327533265097236
11,"tv",15,0.3,0.0307062436028659
11,"watch",1,0.97,0.097
11,"watch",2,0.96,0.096
11,"watch",3,0.98,0.098
11,"watch",4,0.97,0.097
11,"watch",5,0.77,0.077
11,"watch",6,0.78,0.078
11,"watch",7,0.79,0.079
11,"watch",8,0.82,0.082
11,"watch",9,0.72,0.072
11,"watch",10,0.67,0.067
11,"watch",11,0.31,0.031
11,"watch",12,0.3,0.03
11,"watch",13,0.3,0.03
11,"watch",14,0.32,0.032
11,"watch",15,0.34,0.034
11,"marbles",1,0.03,0.00294406280667321
11,"marbles",2,0.74,0.0726202158979392
11,"marbles",3,0.73,0.0716388616290481
11,"marbles",4,0.72,0.070657507360157
11,"marbles",5,0.71,0.0696761530912659
11,"marbles",6,0.73,0.0716388616290481
11,"marbles",7,0.72,0.070657507360157
11,"marbles",8,0.7,0.0686947988223749
11,"marbles",9,0.72,0.070657507360157
11,"marbles",10,0.73,0.0716388616290481
11,"marbles",11,0.75,0.0736015701668302
11,"marbles",12,0.72,0.070657507360157
11,"marbles",13,0.74,0.0726202158979392
11,"marbles",14,0.73,0.0716388616290481
11,"marbles",15,0.72,0.070657507360157
12,"joke",1,0.2,0.0202224469160768
12,"joke",2,0.24,0.0242669362992922
12,"joke",3,0.38,0.038422649140546
12,"joke",4,0.53,0.0535894843276036
12,"joke",5,0.63,0.0637007077856421
12,"joke",6,0.71,0.0717896865520728
12,"joke",7,0.75,0.0758341759352882
12,"joke",8,0.76,0.076845298281092
12,"joke",9,0.78,0.0788675429726997
12,"joke",10,0.8,0.0808897876643074
12,"joke",11,0.86,0.0869565217391304
12,"joke",12,0.84,0.0849342770475227
12,"joke",13,0.82,0.0829120323559151
12,"joke",14,0.82,0.0829120323559151
12,"joke",15,0.77,0.0778564206268959
12,"watch",1,0.56,0.16969696969697
12,"watch",2,0.63,0.190909090909091
12,"watch",3,0.66,0.2
12,"watch",4,0.33,0.1
12,"watch",5,0.23,0.0696969696969697
12,"watch",6,0.35,0.106060606060606
12,"watch",7,0.19,0.0575757575757576
12,"watch",8,0.11,0.0333333333333333
12,"watch",9,0.03,0.00909090909090909
12,"watch",10,0.02,0.00606060606060606
12,"watch",11,0.04,0.0121212121212121
12,"watch",12,0.03,0.00909090909090909
12,"watch",13,0.03,0.00909090909090909
12,"watch",14,0.04,0.0121212121212121
12,"watch",15,0.05,0.0151515151515152
12,"marbles",1,0.97,0.0980788675429727
12,"marbles",2,0.86,0.0869565217391304
12,"marbles",3,0.79,0.0798786653185035
12,"marbles",4,0.68,0.0687563195146613
12,"marbles",5,0.55,0.0556117290192113
12,"marbles",6,0.48,0.0485338725985844
12,"marbles",7,0.39,0.0394337714863498
12,"marbles",8,0.41,0.0414560161779575
12,"marbles",9,0.49,0.0495449949443883
12,"marbles",10,0.54,0.0546006066734075
12,"marbles",11,0.61,0.0616784630940344
12,"marbles",12,0.68,0.0687563195146613
12,"marbles",13,0.74,0.0748230535894843
12,"marbles",14,0.8,0.0808897876643074
12,"marbles",15,0.9,0.0910010111223458
12,"laptop",1,0.28,0.0619469026548673
12,"laptop",2,0.3,0.0663716814159292
12,"laptop",3,0.4,0.0884955752212389
12,"laptop",4,0.52,0.115044247787611
12,"laptop",5,0.64,0.141592920353982
12,"laptop",6,0.62,0.13716814159292
12,"laptop",7,0.56,0.123893805309735
12,"laptop",8,0.49,0.108407079646018
12,"laptop",9,0.33,0.0730088495575221
12,"laptop",10,0.16,0.0353982300884956
12,"laptop",11,0.13,0.0287610619469027
12,"laptop",12,0.06,0.0132743362831858
12,"laptop",13,0.01,0.00221238938053097
12,"laptop",14,0.02,0.00442477876106195
12,"laptop",15,0,0
12,"movies",1,0.02,0.00526315789473684
12,"movies",2,0.03,0.00789473684210526
12,"movies",3,0.03,0.00789473684210526
12,"movies",4,0.1,0.0263157894736842
12,"movies",5,0.23,0.0605263157894737
12,"movies",6,0.61,0.160526315789474
12,"movies",7,0.72,0.189473684210526
12,"movies",8,0.64,0.168421052631579
12,"movies",9,0.5,0.131578947368421
12,"movies",10,0.32,0.0842105263157895
12,"movies",11,0.33,0.0868421052631579
12,"movies",12,0.14,0.0368421052631579
12,"movies",13,0.04,0.0105263157894737
12,"movies",14,0.06,0.0157894736842105
12,"movies",15,0.03,0.00789473684210526
12,"coffee",1,0.02,0.00492610837438424
12,"coffee",2,0.04,0.00985221674876847
12,"coffee",3,0.15,0.0369458128078818
12,"coffee",4,0.28,0.0689655172413793
12,"coffee",5,0.39,0.0960591133004926
12,"coffee",6,0.67,0.165024630541872
12,"coffee",7,0.73,0.179802955665025
12,"coffee",8,0.8,0.197044334975369
12,"coffee",9,0.51,0.125615763546798
12,"coffee",10,0.24,0.0591133004926108
12,"coffee",11,0.14,0.0344827586206897
12,"coffee",12,0.05,0.0123152709359606
12,"coffee",13,0,0
12,"coffee",14,0.02,0.00492610837438424
12,"coffee",15,0.02,0.00492610837438424
12,"tv",1,0.81,0.181208053691275
12,"tv",2,0.71,0.158836689038031
12,"tv",3,0.62,0.138702460850112
12,"tv",4,0.52,0.116331096196868
12,"tv",5,0.42,0.0939597315436242
12,"tv",6,0.5,0.111856823266219
12,"tv",7,0.4,0.0894854586129754
12,"tv",8,0.26,0.058165548098434
12,"tv",9,0.16,0.0357941834451902
12,"tv",10,0.03,0.00671140939597315
12,"tv",11,0.01,0.00223713646532439
12,"tv",12,0.01,0.00223713646532439
12,"tv",13,0,0
12,"tv",14,0.01,0.00223713646532439
12,"tv",15,0.01,0.00223713646532439
12,"commute",1,0.14,0.0440251572327044
12,"commute",2,0.24,0.0754716981132075
12,"commute",3,0.42,0.132075471698113
12,"commute",4,0.57,0.179245283018868
12,"commute",5,0.43,0.135220125786164
12,"commute",6,0.49,0.154088050314465
12,"commute",7,0.32,0.10062893081761
12,"commute",8,0.17,0.0534591194968553
12,"commute",9,0.08,0.0251572327044025
12,"commute",10,0.04,0.0125786163522013
12,"commute",11,0.05,0.0157232704402516
12,"commute",12,0.07,0.0220125786163522
12,"commute",13,0.04,0.0125786163522013
12,"commute",14,0.04,0.0125786163522013
12,"commute",15,0.08,0.0251572327044025
13,"laptop",1,1,0.171526586620926
13,"laptop",2,0.76,0.130360205831904
13,"laptop",3,0.77,0.132075471698113
13,"laptop",4,0.69,0.118353344768439
13,"laptop",5,0.56,0.0960548885077187
13,"laptop",6,0.56,0.0960548885077187
13,"laptop",7,0.56,0.0960548885077187
13,"laptop",8,0.41,0.0703259005145798
13,"laptop",9,0.44,0.0754716981132075
13,"laptop",10,0.02,0.00343053173241852
13,"laptop",11,0.03,0.00514579759862779
13,"laptop",12,0.01,0.00171526586620926
13,"laptop",13,0.01,0.00171526586620926
13,"laptop",14,0,0
13,"laptop",15,0.01,0.00171526586620926
13,"watch",1,0.75,0.0664893617021277
13,"watch",2,0.79,0.0700354609929078
13,"watch",3,0.83,0.0735815602836879
13,"watch",4,0.82,0.0726950354609929
13,"watch",5,0.86,0.076241134751773
13,"watch",6,0.77,0.0682624113475177
13,"watch",7,0.77,0.0682624113475177
13,"watch",8,0.74,0.0656028368794326
13,"watch",9,0.72,0.0638297872340425
13,"watch",10,0.71,0.0629432624113475
13,"watch",11,0.75,0.0664893617021277
13,"watch",12,0.79,0.0700354609929078
13,"watch",13,0.61,0.0540780141843972
13,"watch",14,0.65,0.0576241134751773
13,"watch",15,0.72,0.0638297872340425
13,"marbles",1,0.01,0.000819000819000819
13,"marbles",2,0.99,0.0810810810810811
13,"marbles",3,0.98,0.0802620802620803
13,"marbles",4,0.99,0.0810810810810811
13,"marbles",5,0.96,0.0786240786240786
13,"marbles",6,0.99,0.0810810810810811
13,"marbles",7,0.81,0.0663390663390663
13,"marbles",8,0.82,0.0671580671580671
13,"marbles",9,0.78,0.0638820638820639
13,"marbles",10,0.83,0.067977067977068
13,"marbles",11,0.81,0.0663390663390663
13,"marbles",12,0.81,0.0663390663390663
13,"marbles",13,0.81,0.0663390663390663
13,"marbles",14,0.8,0.0655200655200655
13,"marbles",15,0.82,0.0671580671580671
13,"commute",1,0.64,0.06286836935167
13,"commute",2,0.64,0.06286836935167
13,"commute",3,0.64,0.06286836935167
13,"commute",4,0.64,0.06286836935167
13,"commute",5,0.68,0.0667976424361493
13,"commute",6,0.72,0.0707269155206287
13,"commute",7,0.77,0.0756385068762279
13,"commute",8,0.77,0.0756385068762279
13,"commute",9,0.75,0.0736738703339882
13,"commute",10,0.77,0.0756385068762279
13,"commute",11,0.62,0.0609037328094303
13,"commute",12,0.63,0.0618860510805501
13,"commute",13,0.62,0.0609037328094303
13,"commute",14,0.7,0.068762278978389
13,"commute",15,0.59,0.0579567779960707
13,"tv",1,0.74,0.0774058577405858
13,"tv",2,0.82,0.0857740585774058
13,"tv",3,0.8,0.0836820083682008
13,"tv",4,0.78,0.0815899581589958
13,"tv",5,0.79,0.0826359832635983
13,"tv",6,0.75,0.0784518828451883
13,"tv",7,0.72,0.0753138075313807
13,"tv",8,0.74,0.0774058577405858
13,"tv",9,0.74,0.0774058577405858
13,"tv",10,0.59,0.0617154811715481
13,"tv",11,0.54,0.0564853556485356
13,"tv",12,0.52,0.0543933054393305
13,"tv",13,0.46,0.0481171548117155
13,"tv",14,0.4,0.0418410041841004
13,"tv",15,0.17,0.0177824267782427
13,"coffee",1,0.36,0.0798226164079823
13,"coffee",2,0.38,0.0842572062084257
13,"coffee",3,0.41,0.0909090909090909
13,"coffee",4,0.52,0.11529933481153
13,"coffee",5,0.62,0.137472283813747
13,"coffee",6,0.71,0.157427937915743
13,"coffee",7,0.34,0.0753880266075388
13,"coffee",8,0.35,0.0776053215077605
13,"coffee",9,0.38,0.0842572062084257
13,"coffee",10,0.32,0.0709534368070953
13,"coffee",11,0.04,0.00886917960088692
13,"coffee",12,0.02,0.00443458980044346
13,"coffee",13,0.02,0.00443458980044346
13,"coffee",14,0.01,0.00221729490022173
13,"coffee",15,0.03,0.00665188470066519
13,"movies",1,0.02,0.0018796992481203
13,"movies",2,0.1,0.0093984962406015
13,"movies",3,0.32,0.0300751879699248
13,"movies",4,0.73,0.068609022556391
13,"movies",5,0.71,0.0667293233082707
13,"movies",6,0.73,0.068609022556391
13,"movies",7,0.76,0.0714285714285714
13,"movies",8,0.96,0.0902255639097744
13,"movies",9,0.98,0.0921052631578947
13,"movies",10,0.97,0.0911654135338346
13,"movies",11,0.88,0.0827067669172932
13,"movies",12,0.86,0.0808270676691729
13,"movies",13,0.88,0.0827067669172932
13,"movies",14,0.86,0.0808270676691729
13,"movies",15,0.88,0.0827067669172932
13,"joke",1,0.51,0.0405405405405405
13,"joke",2,0.95,0.075516693163752
13,"joke",3,0.97,0.0771065182829889
13,"joke",4,0.95,0.075516693163752
13,"joke",5,0.97,0.0771065182829889
13,"joke",6,0.96,0.0763116057233704
13,"joke",7,0.96,0.0763116057233704
13,"joke",8,0.8,0.0635930047694754
13,"joke",9,0.82,0.0651828298887122
13,"joke",10,0.81,0.0643879173290938
13,"joke",11,0.81,0.0643879173290938
13,"joke",12,0.79,0.0627980922098569
13,"joke",13,0.81,0.0643879173290938
13,"joke",14,0.78,0.0620031796502385
13,"joke",15,0.69,0.0548489666136725
14,"coffee",1,0.03,0.00712589073634204
14,"coffee",2,0.04,0.00950118764845606
14,"coffee",3,0.02,0.00475059382422803
14,"coffee",4,0.05,0.0118764845605701
14,"coffee",5,0.29,0.0688836104513064
14,"coffee",6,0.34,0.0807600950118765
14,"coffee",7,0.6,0.142517814726841
14,"coffee",8,0.75,0.178147268408551
14,"coffee",9,0.5,0.118764845605701
14,"coffee",10,0.48,0.114014251781473
14,"coffee",11,0.51,0.121140142517815
14,"coffee",12,0.19,0.0451306413301663
14,"coffee",13,0.13,0.0308788598574822
14,"coffee",14,0.14,0.0332541567695962
14,"coffee",15,0.14,0.0332541567695962
14,"movies",1,0.06,0.0135746606334842
14,"movies",2,0.04,0.00904977375565611
14,"movies",3,0.05,0.0113122171945701
14,"movies",4,0.07,0.0158371040723982
14,"movies",5,0.23,0.0520361990950226
14,"movies",6,0.59,0.133484162895928
14,"movies",7,0.75,0.169683257918552
14,"movies",8,0.84,0.190045248868778
14,"movies",9,0.68,0.153846153846154
14,"movies",10,0.39,0.0882352941176471
14,"movies",11,0.23,0.0520361990950226
14,"movies",12,0.19,0.0429864253393665
14,"movies",13,0.16,0.0361990950226244
14,"movies",14,0.07,0.0158371040723982
14,"movies",15,0.07,0.0158371040723982
14,"tv",1,0.89,0.0913757700205339
14,"tv",2,0.89,0.0913757700205339
14,"tv",3,0.89,0.0913757700205339
14,"tv",4,0.77,0.0790554414784394
14,"tv",5,0.74,0.0759753593429158
14,"tv",6,0.64,0.0657084188911704
14,"tv",7,0.78,0.080082135523614
14,"tv",8,0.77,0.0790554414784394
14,"tv",9,0.77,0.0790554414784394
14,"tv",10,0.61,0.0626283367556468
14,"tv",11,0.56,0.0574948665297741
14,"tv",12,0.51,0.0523613963039014
14,"tv",13,0.33,0.0338809034907598
14,"tv",14,0.36,0.0369609856262834
14,"tv",15,0.23,0.0236139630390144
14,"commute",1,0.91,0.165454545454545
14,"commute",2,0.9,0.163636363636364
14,"commute",3,0.77,0.14
14,"commute",4,0.75,0.136363636363636
14,"commute",5,0.61,0.110909090909091
14,"commute",6,0.25,0.0454545454545455
14,"commute",7,0.25,0.0454545454545455
14,"commute",8,0.25,0.0454545454545455
14,"commute",9,0.15,0.0272727272727273
14,"commute",10,0.19,0.0345454545454545
14,"commute",11,0.19,0.0345454545454545
14,"commute",12,0.1,0.0181818181818182
14,"commute",13,0.06,0.0109090909090909
14,"commute",14,0.07,0.0127272727272727
14,"commute",15,0.05,0.00909090909090909
14,"laptop",1,0.5,0.0956022944550669
14,"laptop",2,0.76,0.145315487571702
14,"laptop",3,0.75,0.1434034416826
14,"laptop",4,0.83,0.158699808795411
14,"laptop",5,0.66,0.126195028680688
14,"laptop",6,0.54,0.103250478011472
14,"laptop",7,0.28,0.0535372848948375
14,"laptop",8,0.19,0.0363288718929254
14,"laptop",9,0.15,0.0286806883365201
14,"laptop",10,0.14,0.0267686424474187
14,"laptop",11,0.19,0.0363288718929254
14,"laptop",12,0.07,0.0133843212237094
14,"laptop",13,0.06,0.011472275334608
14,"laptop",14,0.08,0.0152963671128107
14,"laptop",15,0.03,0.00573613766730401
14,"watch",1,0.72,0.0991735537190083
14,"watch",2,0.85,0.117079889807163
14,"watch",3,0.88,0.121212121212121
14,"watch",4,0.72,0.0991735537190083
14,"watch",5,0.61,0.0840220385674931
14,"watch",6,0.56,0.0771349862258953
14,"watch",7,0.52,0.0716253443526171
14,"watch",8,0.37,0.0509641873278237
14,"watch",9,0.33,0.0454545454545455
14,"watch",10,0.32,0.0440771349862259
14,"watch",11,0.31,0.0426997245179063
14,"watch",12,0.3,0.0413223140495868
14,"watch",13,0.3,0.0413223140495868
14,"watch",14,0.28,0.0385674931129477
14,"watch",15,0.19,0.0261707988980716
14,"marbles",1,0.04,0.00289645184648805
14,"marbles",2,0.96,0.0695148443157132
14,"marbles",3,1,0.0724112961622013
14,"marbles",4,0.97,0.0702389572773353
14,"marbles",5,0.98,0.0709630702389573
14,"marbles",6,1,0.0724112961622013
14,"marbles",7,0.99,0.0716871832005793
14,"marbles",8,1,0.0724112961622013
14,"marbles",9,0.99,0.0716871832005793
14,"marbles",10,0.96,0.0695148443157132
14,"marbles",11,0.96,0.0695148443157132
14,"marbles",12,1,0.0724112961622013
14,"marbles",13,0.99,0.0716871832005793
14,"marbles",14,0.98,0.0709630702389573
14,"marbles",15,0.99,0.0716871832005793
14,"joke",1,0.05,0.00452079566003617
14,"joke",2,0.5,0.0452079566003617
14,"joke",3,0.97,0.0877034358047016
14,"joke",4,0.97,0.0877034358047016
14,"joke",5,0.97,0.0877034358047016
14,"joke",6,0.97,0.0877034358047016
14,"joke",7,0.97,0.0877034358047016
14,"joke",8,0.97,0.0877034358047016
14,"joke",9,0.98,0.0886075949367089
14,"joke",10,0.9,0.081374321880651
14,"joke",11,0.8,0.0723327305605787
14,"joke",12,0.72,0.0650994575045208
14,"joke",13,0.57,0.0515370705244123
14,"joke",14,0.51,0.0461121157323689
14,"joke",15,0.21,0.0189873417721519
15,"movies",1,0,0
15,"movies",2,0,0
15,"movies",3,0,0
15,"movies",4,0,0
15,"movies",5,0.1,0.0181488203266788
15,"movies",6,0.79,0.143375680580762
15,"movies",7,0.89,0.161524500907441
15,"movies",8,0.95,0.172413793103448
15,"movies",9,0.87,0.157894736842105
15,"movies",10,0.82,0.148820326678766
15,"movies",11,0.76,0.137931034482759
15,"movies",12,0.33,0.0598911070780399
15,"movies",13,0,0
15,"movies",14,0,0
15,"movies",15,0,0
15,"tv",1,0.55,0.0985663082437276
15,"tv",2,0.63,0.112903225806452
15,"tv",3,0.84,0.150537634408602
15,"tv",4,0.89,0.159498207885305
15,"tv",5,0.92,0.164874551971326
15,"tv",6,0.75,0.134408602150538
15,"tv",7,0.54,0.0967741935483871
15,"tv",8,0.27,0.0483870967741936
15,"tv",9,0.08,0.014336917562724
15,"tv",10,0.05,0.00896057347670251
15,"tv",11,0.06,0.010752688172043
15,"tv",12,0,0
15,"tv",13,0,0
15,"tv",14,0,0
15,"tv",15,0,0
15,"watch",1,0.85,0.074235807860262
15,"watch",2,0.9,0.0786026200873362
15,"watch",3,0.93,0.0812227074235808
15,"watch",4,0.91,0.0794759825327511
15,"watch",5,0.93,0.0812227074235808
15,"watch",6,0.91,0.0794759825327511
15,"watch",7,0.91,0.0794759825327511
15,"watch",8,0.89,0.0777292576419214
15,"watch",9,0.89,0.0777292576419214
15,"watch",10,0.94,0.0820960698689956
15,"watch",11,0.82,0.0716157205240175
15,"watch",12,0.7,0.0611353711790393
15,"watch",13,0.41,0.0358078602620087
15,"watch",14,0.32,0.0279475982532751
15,"watch",15,0.14,0.0122270742358079
15,"laptop",1,0.31,0.0578358208955224
15,"laptop",2,0.83,0.154850746268657
15,"laptop",3,0.92,0.171641791044776
15,"laptop",4,0.91,0.169776119402985
15,"laptop",5,0.73,0.136194029850746
15,"laptop",6,0.69,0.128731343283582
15,"laptop",7,0.53,0.0988805970149254
15,"laptop",8,0.26,0.0485074626865672
15,"laptop",9,0.08,0.0149253731343284
15,"laptop",10,0.05,0.00932835820895522
15,"laptop",11,0.05,0.00932835820895522
15,"laptop",12,0,0
15,"laptop",13,0,0
15,"laptop",14,0,0
15,"laptop",15,0,0
15,"coffee",1,0.13,0.0646766169154229
15,"coffee",2,0.13,0.0646766169154229
15,"coffee",3,0.18,0.0895522388059701
15,"coffee",4,0.21,0.104477611940298
15,"coffee",5,0.46,0.228855721393035
15,"coffee",6,0.77,0.383084577114428
15,"coffee",7,0.09,0.0447761194029851
15,"coffee",8,0.03,0.0149253731343284
15,"coffee",9,0.01,0.00497512437810945
15,"coffee",10,0,0
15,"coffee",11,0,0
15,"coffee",12,0,0
15,"coffee",13,0,0
15,"coffee",14,0,0
15,"coffee",15,0,0
15,"joke",1,0.24,0.031413612565445
15,"joke",2,0.3,0.0392670157068063
15,"joke",3,0.4,0.0523560209424084
15,"joke",4,0.54,0.0706806282722513
15,"joke",5,0.64,0.0837696335078534
15,"joke",6,0.76,0.0994764397905759
15,"joke",7,0.84,0.109947643979058
15,"joke",8,0.86,0.112565445026178
15,"joke",9,0.8,0.104712041884817
15,"joke",10,0.67,0.087696335078534
15,"joke",11,0.58,0.0759162303664921
15,"joke",12,0.45,0.0589005235602094
15,"joke",13,0.29,0.0379581151832461
15,"joke",14,0.18,0.0235602094240838
15,"joke",15,0.09,0.0117801047120419
15,"commute",1,0.18,0.0304054054054054
15,"commute",2,0.4,0.0675675675675676
15,"commute",3,0.57,0.0962837837837838
15,"commute",4,0.68,0.114864864864865
15,"commute",5,0.86,0.14527027027027
15,"commute",6,0.87,0.146959459459459
15,"commute",7,0.75,0.126689189189189
15,"commute",8,0.6,0.101351351351351
15,"commute",9,0.44,0.0743243243243243
15,"commute",10,0.21,0.035472972972973
15,"commute",11,0.13,0.0219594594594595
15,"commute",12,0.07,0.0118243243243243
15,"commute",13,0.05,0.00844594594594595
15,"commute",14,0.05,0.00844594594594595
15,"commute",15,0.06,0.0101351351351351
15,"marbles",1,1,0.22075055187638
15,"marbles",2,0.88,0.194260485651214
15,"marbles",3,0.82,0.181015452538631
15,"marbles",4,0.64,0.141280353200883
15,"marbles",5,0.48,0.105960264900662
15,"marbles",6,0.34,0.0750551876379691
15,"marbles",7,0.15,0.0331125827814569
15,"marbles",8,0.08,0.0176600441501104
15,"marbles",9,0.06,0.0132450331125828
15,"marbles",10,0.04,0.00883002207505519
15,"marbles",11,0.04,0.00883002207505519
15,"marbles",12,0,0
15,"marbles",13,0,0
15,"marbles",14,0,0
15,"marbles",15,0,0
16,"marbles",1,0.19,0.0301587301587302
16,"marbles",2,0.21,0.0333333333333333
16,"marbles",3,0.15,0.0238095238095238
16,"marbles",4,0.22,0.0349206349206349
16,"marbles",5,0.32,0.0507936507936508
16,"marbles",6,0.28,0.0444444444444445
16,"marbles",7,0.38,0.0603174603174603
16,"marbles",8,0.33,0.0523809523809524
16,"marbles",9,0.42,0.0666666666666667
16,"marbles",10,0.41,0.0650793650793651
16,"marbles",11,0.51,0.080952380952381
16,"marbles",12,0.53,0.0841269841269841
16,"marbles",13,0.64,0.101587301587302
16,"marbles",14,0.79,0.125396825396825
16,"marbles",15,0.92,0.146031746031746
16,"commute",1,0.12,0.0193861066235864
16,"commute",2,0.35,0.0565428109854604
16,"commute",3,0.42,0.0678513731825525
16,"commute",4,0.54,0.0872374798061389
16,"commute",5,1,0.161550888529887
16,"commute",6,0.89,0.143780290791599
16,"commute",7,0.78,0.126009693053312
16,"commute",8,0.61,0.098546042003231
16,"commute",9,0.41,0.0662358642972536
16,"commute",10,0.32,0.0516962843295638
16,"commute",11,0.37,0.0597738287560582
16,"commute",12,0.32,0.0516962843295638
16,"commute",13,0.06,0.00969305331179321
16,"commute",14,0,0
16,"commute",15,0,0
16,"watch",1,0.71,0.179292929292929
16,"watch",2,0.57,0.143939393939394
16,"watch",3,0.37,0.0934343434343434
16,"watch",4,0.33,0.0833333333333333
16,"watch",5,0.36,0.0909090909090909
16,"watch",6,0.4,0.101010101010101
16,"watch",7,0.41,0.103535353535354
16,"watch",8,0.33,0.0833333333333333
16,"watch",9,0.29,0.0732323232323232
16,"watch",10,0.19,0.047979797979798
16,"watch",11,0,0
16,"watch",12,0,0
16,"watch",13,0,0
16,"watch",14,0,0
16,"watch",15,0,0
16,"joke",1,0,0
16,"joke",2,0.2,0.0323101777059774
16,"joke",3,0.21,0.0339256865912763
16,"joke",4,0.32,0.0516962843295638
16,"joke",5,0.38,0.061389337641357
16,"joke",6,0.47,0.0759289176090469
16,"joke",7,0.74,0.119547657512116
16,"joke",8,0.73,0.117932148626817
16,"joke",9,0.84,0.135702746365105
16,"joke",10,0.86,0.138933764135703
16,"joke",11,0.58,0.0936995153473344
16,"joke",12,0.4,0.0646203554119548
16,"joke",13,0.25,0.0403877221324717
16,"joke",14,0.14,0.0226171243941842
16,"joke",15,0.07,0.0113085621970921
16,"tv",1,0.36,0.0523255813953488
16,"tv",2,0.46,0.0668604651162791
16,"tv",3,0.6,0.0872093023255814
16,"tv",4,0.85,0.123546511627907
16,"tv",5,0.95,0.138081395348837
16,"tv",6,0.96,0.13953488372093
16,"tv",7,0.93,0.135174418604651
16,"tv",8,0.79,0.114825581395349
16,"tv",9,0.52,0.0755813953488372
16,"tv",10,0.33,0.0479651162790698
16,"tv",11,0.13,0.0188953488372093
16,"tv",12,0,0
16,"tv",13,0,0
16,"tv",14,0,0
16,"tv",15,0,0
16,"laptop",1,0,0
16,"laptop",2,1,0.271739130434783
16,"laptop",3,1,0.271739130434783
16,"laptop",4,1,0.271739130434783
16,"laptop",5,0.53,0.144021739130435
16,"laptop",6,0.15,0.0407608695652174
16,"laptop",7,0,0
16,"laptop",8,0,0
16,"laptop",9,0,0
16,"laptop",10,0,0
16,"laptop",11,0,0
16,"laptop",12,0,0
16,"laptop",13,0,0
16,"laptop",14,0,0
16,"laptop",15,0,0
16,"movies",1,0,0
16,"movies",2,0,0
16,"movies",3,0,0
16,"movies",4,0,0
16,"movies",5,0,0
16,"movies",6,1,0.203665987780041
16,"movies",7,1,0.203665987780041
16,"movies",8,1,0.203665987780041
16,"movies",9,1,0.203665987780041
16,"movies",10,0.61,0.124236252545825
16,"movies",11,0.3,0.0610997963340122
16,"movies",12,0,0
16,"movies",13,0,0
16,"movies",14,0,0
16,"movies",15,0,0
16,"coffee",1,0,0
16,"coffee",2,0,0
16,"coffee",3,0,0
16,"coffee",4,0,0
16,"coffee",5,0,0
16,"coffee",6,0,0
16,"coffee",7,0.28,0.0746666666666667
16,"coffee",8,0.58,0.154666666666667
16,"coffee",9,1,0.266666666666667
16,"coffee",10,1,0.266666666666667
16,"coffee",11,0.59,0.157333333333333
16,"coffee",12,0.3,0.08
16,"coffee",13,0,0
16,"coffee",14,0,0
16,"coffee",15,0,0
17,"movies",1,0.02,0.00495049504950495
17,"movies",2,0.03,0.00742574257425743
17,"movies",3,0.31,0.0767326732673267
17,"movies",4,0.75,0.185643564356436
17,"movies",5,0.77,0.190594059405941
17,"movies",6,0.77,0.190594059405941
17,"movies",7,0.98,0.242574257425743
17,"movies",8,0.26,0.0643564356435644
17,"movies",9,0.03,0.00742574257425743
17,"movies",10,0.01,0.00247524752475248
17,"movies",11,0,0
17,"movies",12,0.02,0.00495049504950495
17,"movies",13,0.04,0.0099009900990099
17,"movies",14,0.04,0.0099009900990099
17,"movies",15,0.01,0.00247524752475248
17,"commute",1,0.28,0.0655737704918033
17,"commute",2,0.29,0.0679156908665105
17,"commute",3,0.94,0.220140515222482
17,"commute",4,0.96,0.224824355971897
17,"commute",5,0.73,0.17096018735363
17,"commute",6,0.29,0.0679156908665105
17,"commute",7,0.31,0.0725995316159251
17,"commute",8,0.32,0.0749414519906323
17,"commute",9,0.01,0.00234192037470726
17,"commute",10,0.03,0.00702576112412178
17,"commute",11,0.02,0.00468384074941452
17,"commute",12,0.02,0.00468384074941452
17,"commute",13,0.04,0.00936768149882904
17,"commute",14,0.01,0.00234192037470726
17,"commute",15,0.02,0.00468384074941452
17,"marbles",1,0.02,0.00442477876106195
17,"marbles",2,0.27,0.0597345132743363
17,"marbles",3,0.26,0.0575221238938053
17,"marbles",4,0.25,0.0553097345132743
17,"marbles",5,0.26,0.0575221238938053
17,"marbles",6,0.27,0.0597345132743363
17,"marbles",7,0.28,0.0619469026548673
17,"marbles",8,0.28,0.0619469026548673
17,"marbles",9,0.27,0.0597345132743363
17,"marbles",10,0.28,0.0619469026548673
17,"marbles",11,0.27,0.0597345132743363
17,"marbles",12,0.27,0.0597345132743363
17,"marbles",13,0.28,0.0619469026548673
17,"marbles",14,0.28,0.0619469026548673
17,"marbles",15,0.98,0.216814159292035
17,"laptop",1,0.3,0.0699300699300699
17,"laptop",2,0.34,0.0792540792540793
17,"laptop",3,0.97,0.226107226107226
17,"laptop",4,0.73,0.17016317016317
17,"laptop",5,0.73,0.17016317016317
17,"laptop",6,0.34,0.0792540792540793
17,"laptop",7,0.35,0.0815850815850816
17,"laptop",8,0.32,0.0745920745920746
17,"laptop",9,0.06,0.013986013986014
17,"laptop",10,0.04,0.00932400932400932
17,"laptop",11,0.02,0.00466200466200466
17,"laptop",12,0.03,0.00699300699300699
17,"laptop",13,0.02,0.00466200466200466
17,"laptop",14,0.02,0.00466200466200466
17,"laptop",15,0.02,0.00466200466200466
17,"joke",1,0.03,0.00390625
17,"joke",2,0.31,0.0403645833333333
17,"joke",3,0.32,0.0416666666666667
17,"joke",4,0.3,0.0390625
17,"joke",5,0.3,0.0390625
17,"joke",6,0.29,0.0377604166666667
17,"joke",7,0.3,0.0390625
17,"joke",8,0.67,0.0872395833333333
17,"joke",9,0.67,0.0872395833333333
17,"joke",10,0.7,0.0911458333333333
17,"joke",11,0.72,0.09375
17,"joke",12,0.74,0.0963541666666667
17,"joke",13,0.78,0.1015625
17,"joke",14,0.77,0.100260416666667
17,"joke",15,0.78,0.1015625
17,"coffee",1,0.03,0.00594059405940594
17,"coffee",2,0.04,0.00792079207920792
17,"coffee",3,0.03,0.00594059405940594
17,"coffee",4,0.03,0.00594059405940594
17,"coffee",5,0.7,0.138613861386139
17,"coffee",6,0.72,0.142574257425743
17,"coffee",7,0.94,0.186138613861386
17,"coffee",8,0.94,0.186138613861386
17,"coffee",9,0.31,0.0613861386138614
17,"coffee",10,0.32,0.0633663366336634
17,"coffee",11,0.27,0.0534653465346535
17,"coffee",12,0.34,0.0673267326732673
17,"coffee",13,0.33,0.0653465346534653
17,"coffee",14,0.03,0.00594059405940594
17,"coffee",15,0.02,0.00396039603960396
17,"tv",1,0.03,0.00627615062761506
17,"tv",2,0.27,0.0564853556485356
17,"tv",3,0.31,0.0648535564853557
17,"tv",4,0.75,0.156903765690377
17,"tv",5,0.77,0.161087866108787
17,"tv",6,0.98,0.205020920502092
17,"tv",7,0.73,0.152719665271967
17,"tv",8,0.25,0.0523012552301255
17,"tv",9,0.28,0.0585774058577406
17,"tv",10,0.25,0.0523012552301255
17,"tv",11,0.04,0.00836820083682008
17,"tv",12,0.03,0.00627615062761506
17,"tv",13,0.03,0.00627615062761506
17,"tv",14,0.04,0.00836820083682008
17,"tv",15,0.02,0.00418410041841004
17,"watch",1,0.02,0.00353356890459364
17,"watch",2,0.29,0.0512367491166078
17,"watch",3,0.73,0.128975265017668
17,"watch",4,0.79,0.139575971731449
17,"watch",5,0.99,0.174911660777385
17,"watch",6,0.75,0.132508833922261
17,"watch",7,0.75,0.132508833922261
17,"watch",8,0.3,0.0530035335689046
17,"watch",9,0.33,0.0583038869257951
17,"watch",10,0.28,0.049469964664311
17,"watch",11,0.3,0.0530035335689046
17,"watch",12,0.04,0.00706713780918728
17,"watch",13,0.03,0.00530035335689046
17,"watch",14,0.03,0.00530035335689046
17,"watch",15,0.03,0.00530035335689046
18,"joke",1,0.31,0.0264054514480409
18,"joke",2,1,0.0851788756388416
18,"joke",3,1,0.0851788756388416
18,"joke",4,1,0.0851788756388416
18,"joke",5,1,0.0851788756388416
18,"joke",6,1,0.0851788756388416
18,"joke",7,0.78,0.0664395229982964
18,"joke",8,0.77,0.065587734241908
18,"joke",9,0.8,0.0681431005110733
18,"joke",10,0.8,0.0681431005110733
18,"joke",11,0.8,0.0681431005110733
18,"joke",12,0.68,0.0579216354344123
18,"joke",13,0.63,0.0536626916524702
18,"joke",14,0.59,0.0502555366269165
18,"joke",15,0.58,0.0494037478705281
18,"marbles",1,0,0
18,"marbles",2,1,0.0714285714285714
18,"marbles",3,1,0.0714285714285714
18,"marbles",4,1,0.0714285714285714
18,"marbles",5,1,0.0714285714285714
18,"marbles",6,1,0.0714285714285714
18,"marbles",7,1,0.0714285714285714
18,"marbles",8,1,0.0714285714285714
18,"marbles",9,1,0.0714285714285714
18,"marbles",10,1,0.0714285714285714
18,"marbles",11,1,0.0714285714285714
18,"marbles",12,1,0.0714285714285714
18,"marbles",13,1,0.0714285714285714
18,"marbles",14,1,0.0714285714285714
18,"marbles",15,1,0.0714285714285714
18,"movies",1,0,0
18,"movies",2,0,0
18,"movies",3,0.14,0.0224358974358974
18,"movies",4,0.17,0.0272435897435897
18,"movies",5,0.32,0.0512820512820513
18,"movies",6,0.98,0.157051282051282
18,"movies",7,1,0.16025641025641
18,"movies",8,1,0.16025641025641
18,"movies",9,0.73,0.116987179487179
18,"movies",10,0.78,0.125
18,"movies",11,0.33,0.0528846153846154
18,"movies",12,0.34,0.0544871794871795
18,"movies",13,0.21,0.0336538461538462
18,"movies",14,0.15,0.0240384615384615
18,"movies",15,0.09,0.0144230769230769
18,"coffee",1,0.43,0.0727580372250423
18,"coffee",2,0.41,0.0693739424703892
18,"coffee",3,0.56,0.0947546531302876
18,"coffee",4,0.63,0.106598984771574
18,"coffee",5,0.78,0.131979695431472
18,"coffee",6,1,0.169204737732657
18,"coffee",7,0.89,0.150592216582064
18,"coffee",8,0.67,0.11336717428088
18,"coffee",9,0.39,0.065989847715736
18,"coffee",10,0.15,0.0253807106598985
18,"coffee",11,0,0
18,"coffee",12,0,0
18,"coffee",13,0,0
18,"coffee",14,0,0
18,"coffee",15,0,0
18,"tv",1,0.53,0.0601589103291714
18,"tv",2,0.67,0.076049943246311
18,"tv",3,0.7,0.0794551645856981
18,"tv",4,0.8,0.0908059023836549
18,"tv",5,0.83,0.094211123723042
18,"tv",6,0.8,0.0908059023836549
18,"tv",7,0.8,0.0908059023836549
18,"tv",8,0.74,0.0839954597048808
18,"tv",9,0.64,0.0726447219069239
18,"tv",10,0.58,0.0658342792281498
18,"tv",11,0.45,0.0510783200908059
18,"tv",12,0.39,0.0442678774120318
18,"tv",13,0.39,0.0442678774120318
18,"tv",14,0.31,0.0351872871736663
18,"tv",15,0.18,0.0204313280363224
18,"watch",1,1,0.138504155124654
18,"watch",2,1,0.138504155124654
18,"watch",3,0.84,0.116343490304709
18,"watch",4,0.74,0.102493074792244
18,"watch",5,0.64,0.0886426592797784
18,"watch",6,0.7,0.0969529085872576
18,"watch",7,0.6,0.0831024930747922
18,"watch",8,0.45,0.0623268698060942
18,"watch",9,0.33,0.0457063711911357
18,"watch",10,0.36,0.0498614958448753
18,"watch",11,0.26,0.03601108033241
18,"watch",12,0.16,0.0221606648199446
18,"watch",13,0.14,0.0193905817174515
18,"watch",14,0,0
18,"watch",15,0,0
18,"laptop",1,1,0.258397932816537
18,"laptop",2,0.87,0.224806201550388
18,"laptop",3,0.59,0.152454780361757
18,"laptop",4,0.57,0.147286821705426
18,"laptop",5,0.48,0.124031007751938
18,"laptop",6,0.23,0.0594315245478036
18,"laptop",7,0.02,0.00516795865633075
18,"laptop",8,0.11,0.0284237726098191
18,"laptop",9,0,0
18,"laptop",10,0,0
18,"laptop",11,0,0
18,"laptop",12,0,0
18,"laptop",13,0,0
18,"laptop",14,0,0
18,"laptop",15,0,0
18,"commute",1,0.63,0.0752688172043011
18,"commute",2,0.7,0.0836320191158901
18,"commute",3,0.72,0.0860215053763441
18,"commute",4,0.75,0.0896057347670251
18,"commute",5,0.86,0.102747909199522
18,"commute",6,0.81,0.0967741935483871
18,"commute",7,0.68,0.0812425328554361
18,"commute",8,0.64,0.0764635603345281
18,"commute",9,0.6,0.0716845878136201
18,"commute",10,0.53,0.0633213859020311
18,"commute",11,0.47,0.0561529271206691
18,"commute",12,0.42,0.0501792114695341
18,"commute",13,0.31,0.037037037037037
18,"commute",14,0.25,0.029868578255675
18,"commute",15,0,0
19,"watch",1,0.75,0.117004680187207
19,"watch",2,0.9,0.140405616224649
19,"watch",3,0.5,0.078003120124805
19,"watch",4,0.41,0.0639625585023401
19,"watch",5,0.34,0.0530421216848674
19,"watch",6,0.45,0.0702028081123245
19,"watch",7,0.42,0.0655226209048362
19,"watch",8,0.37,0.0577223088923557
19,"watch",9,0.32,0.0499219968798752
19,"watch",10,0.31,0.0483619344773791
19,"watch",11,0.41,0.0639625585023401
19,"watch",12,0.35,0.0546021840873635
19,"watch",13,0.31,0.0483619344773791
19,"watch",14,0.29,0.0452418096723869
19,"watch",15,0.28,0.0436817472698908
19,"movies",1,0.08,0.0149532710280374
19,"movies",2,0.12,0.0224299065420561
19,"movies",3,0.14,0.0261682242990654
19,"movies",4,0.21,0.0392523364485981
19,"movies",5,0.43,0.0803738317757009
19,"movies",6,0.77,0.14392523364486
19,"movies",7,0.63,0.117757009345794
19,"movies",8,0.6,0.11214953271028
19,"movies",9,0.6,0.11214953271028
19,"movies",10,0.45,0.0841121495327103
19,"movies",11,0.35,0.0654205607476635
19,"movies",12,0.34,0.0635514018691589
19,"movies",13,0.29,0.0542056074766355
19,"movies",14,0.2,0.0373831775700935
19,"movies",15,0.14,0.0261682242990654
19,"tv",1,0.39,0.0634146341463415
19,"tv",2,0.56,0.0910569105691057
19,"tv",3,0.63,0.102439024390244
19,"tv",4,0.67,0.108943089430894
19,"tv",5,0.64,0.104065040650407
19,"tv",6,0.62,0.100813008130081
19,"tv",7,0.4,0.0650406504065041
19,"tv",8,0.34,0.0552845528455285
19,"tv",9,0.31,0.0504065040650406
19,"tv",10,0.27,0.0439024390243902
19,"tv",11,0.31,0.0504065040650406
19,"tv",12,0.31,0.0504065040650406
19,"tv",13,0.27,0.0439024390243902
19,"tv",14,0.22,0.0357723577235772
19,"tv",15,0.21,0.0341463414634146
19,"marbles",1,0.08,0.0318725099601594
19,"marbles",2,0.11,0.0438247011952191
19,"marbles",3,0.12,0.047808764940239
19,"marbles",4,0.12,0.047808764940239
19,"marbles",5,0.12,0.047808764940239
19,"marbles",6,0.11,0.0438247011952191
19,"marbles",7,0.12,0.047808764940239
19,"marbles",8,0.1,0.0398406374501992
19,"marbles",9,0.11,0.0438247011952191
19,"marbles",10,0.1,0.0398406374501992
19,"marbles",11,0.12,0.047808764940239
19,"marbles",12,0.1,0.0398406374501992
19,"marbles",13,0.11,0.0438247011952191
19,"marbles",14,0.1,0.0398406374501992
19,"marbles",15,0.99,0.394422310756972
19,"commute",1,0.57,0.0971039182282794
19,"commute",2,0.71,0.120954003407155
19,"commute",3,0.78,0.132879045996593
19,"commute",4,0.81,0.137989778534923
19,"commute",5,0.77,0.131175468483816
19,"commute",6,0.61,0.103918228279387
19,"commute",7,0.42,0.0715502555366269
19,"commute",8,0.26,0.0442930153321976
19,"commute",9,0.19,0.0323679727427598
19,"commute",10,0.18,0.030664395229983
19,"commute",11,0.14,0.0238500851788756
19,"commute",12,0.11,0.0187393526405451
19,"commute",13,0.12,0.020442930153322
19,"commute",14,0.11,0.0187393526405451
19,"commute",15,0.09,0.0153321976149915
19,"joke",1,0.53,0.0689206762028609
19,"joke",2,0.45,0.05851755526658
19,"joke",3,0.37,0.0481144343302991
19,"joke",4,0.32,0.0416124837451235
19,"joke",5,0.28,0.0364109232769831
19,"joke",6,0.28,0.0364109232769831
19,"joke",7,0.27,0.035110533159948
19,"joke",8,0.31,0.0403120936280884
19,"joke",9,0.36,0.046814044213264
19,"joke",10,0.42,0.0546163849154746
19,"joke",11,0.48,0.0624187256176853
19,"joke",12,0.89,0.115734720416125
19,"joke",13,0.88,0.11443433029909
19,"joke",14,0.91,0.118335500650195
19,"joke",15,0.94,0.1222366710013
19,"coffee",1,0.24,0.0446096654275093
19,"coffee",2,0.29,0.0539033457249071
19,"coffee",3,0.32,0.0594795539033457
19,"coffee",4,0.35,0.0650557620817844
19,"coffee",5,0.35,0.0650557620817844
19,"coffee",6,0.73,0.135687732342007
19,"coffee",7,0.72,0.133828996282528
19,"coffee",8,0.62,0.115241635687732
19,"coffee",9,0.37,0.0687732342007435
19,"coffee",10,0.31,0.0576208178438662
19,"coffee",11,0.33,0.0613382899628253
19,"coffee",12,0.21,0.0390334572490706
19,"coffee",13,0.18,0.033457249070632
19,"coffee",14,0.2,0.0371747211895911
19,"coffee",15,0.16,0.0297397769516729
19,"laptop",1,0.58,0.104504504504505
19,"laptop",2,0.71,0.127927927927928
19,"laptop",3,0.71,0.127927927927928
19,"laptop",4,0.63,0.113513513513514
19,"laptop",5,0.54,0.0972972972972973
19,"laptop",6,0.43,0.0774774774774775
19,"laptop",7,0.38,0.0684684684684685
19,"laptop",8,0.33,0.0594594594594595
19,"laptop",9,0.24,0.0432432432432432
19,"laptop",10,0.19,0.0342342342342342
19,"laptop",11,0.25,0.045045045045045
19,"laptop",12,0.2,0.036036036036036
19,"laptop",13,0.14,0.0252252252252252
19,"laptop",14,0.12,0.0216216216216216
19,"laptop",15,0.1,0.018018018018018
